image_id,label
vnAAIaMY.png,lontara
GN9EVkMm.png,bali
aNwNduC1.png,pegon
GODf94LL.png,lampung
yD1v8sp8.png,jawa
YtvX1nfe.png,sunda
389yJzRv.png,pegon
kBytyzL4.png,pegon
57bs7slq.png,jawa
Dogl3mic.png,lampung
OlvWlsFC.png,lampung
gPy5quyo.png,lampung
uwzw6Qa0.png,jawa
A1xEUOb2.png,sunda
zo0tZzQu.png,lampung
CsLAwcZm.png,lampung
cyKqY88y.png,sunda
2TQSRKo9.png,sunda
Qpp3eLf2.png,sunda
ReNWx1u6.png,lontara
phTxXfMu.png,pegon
Z9eJh1UX.png,lontara
gTFhouBR.png,pegon
CljvbC1u.png,jawa
3uK7UIKJ.png,pegon
DNDkwc53.png,pegon
BHEgkL1B.png,pegon
oXi09LgR.png,lontara
iNZ4BuiK.png,bali
jd34AdtB.png,sunda
5vXVgSn9.png,sunda
61YSLBs3.png,lampung
6VL89qh2.png,bali
YwwlmsRm.png,lampung
jqkobH59.png,bali
IV7avkWF.png,lontara
PxRwLyI5.png,lampung
U3hovf4B.png,jawa
YcUJIE7M.png,jawa
xmtCamMt.png,jawa
NElrFQPm.png,jawa
8Ae2NuCW.png,lampung
sh6HcrYm.png,jawi
6FzYUgTa.png,jawi
QC0Juvo8.png,lontara
RXauvx92.png,bali
EQDuGgFw.png,pegon
swRugzq1.png,jawi
AvdYMFzi.png,jawi
2GLrGUOl.png,bali
89JbH54L.png,jawa
kNRJJJui.png,bali
flpOGZgZ.png,lampung
H4E5lG8W.png,sunda
MzVaN9Ia.png,lampung
qexV42Ip.png,sunda
bt2pgdc4.png,jawi
6BcnwQq4.png,pegon
rsN8Faxv.png,bali
Sygn4f0M.png,lampung
VZJcgBEk.png,jawi
x8P27FGa.png,sunda
4uCu925w.png,jawa
slmpFx0e.png,lampung
L87IVQo4.png,pegon
tsP71GTP.png,sunda
MISL9rCO.png,sunda
XoYuLYvK.png,lampung
cyfjAgi1.png,jawi
cqPamdpJ.png,lampung
lfPNLQD3.png,lampung
5hTsTHd1.png,lampung
FWiGV8bG.png,jawa
p5aGyCTw.png,jawa
N0kM47rL.png,sunda
Amhn5jW9.png,jawa
oZnMOKxR.png,pegon
jxGBmLgw.png,lampung
ZJ0kth28.png,lontara
mFThGYzz.png,jawi
gpQHae15.png,pegon
ZolPE3sp.png,bali
4dxUZzmz.png,jawi
tkGcohDy.png,lontara
0ztmF3S4.png,lontara
GXCLtwWS.png,lampung
vCmHQ6AS.png,jawa
IU0LRuVy.png,lontara
yRK4d05e.png,lontara
bpM1L0YU.png,sunda
dCxENrPF.png,jawi
vJw1Bk6z.png,sunda
XcPA0JB6.png,lontara
91t7JrTl.png,lampung
LuOtAefB.png,sunda
QJG2flSb.png,lampung
fnAmSRRC.png,jawi
bb8YrHfu.png,lontara
KvdPAGUZ.png,pegon
EaMmifFR.png,lampung
1e4RYrc3.png,lampung
pZ0mEYic.png,pegon
GwNhxVOc.png,jawa
nEcREKC9.png,bali
iSOANV1u.png,pegon
OwgnjOkG.png,sunda
oOPsiuNX.png,jawi
VMm4ACdA.png,jawi
YsLTE8aY.png,pegon
yntdVI9l.png,pegon
u19VMm0p.png,bali
vIQ8bUn3.png,lampung
Ahq4IHnE.png,pegon
wDh3e5Ko.png,sunda
0NFuwwa9.png,lontara
5XPg06x8.png,jawi
CzEp0rGn.png,jawi
8kHe3MCX.png,jawi
KBym4WmJ.png,lontara
3OEGXVWl.png,lampung
5kkyLLXz.png,lampung
G5iDNLkt.png,lampung
L6JLMT8t.png,pegon
OhnOPMDS.png,sunda
wCgWMyz9.png,jawi
NsTtI4KT.png,bali
Sl5AzO37.png,jawi
YnYkIbYH.png,jawi
p4HaeNMn.png,jawi
JHYA3rd3.png,lampung
IpgN4Fqw.png,sunda
wmXVo7BX.png,pegon
WMZewgRU.png,lampung
RqgSds15.png,sunda
jzfrZCcV.png,sunda
8ZN55QSx.png,pegon
d1oNQ8wo.png,pegon
ytw8F8ej.png,lampung
kLTB7s8J.png,sunda
G8k9bjca.png,lampung
xlh7YOG0.png,lampung
MRisSbT8.png,sunda
TZxJlDL1.png,bali
C4DWB474.png,jawi
xdWsB2ue.png,bali
fWFbMXZk.png,sunda
SujUTC7Q.png,sunda
sBKrWgzj.png,pegon
L9sm0IQZ.png,jawi
79w8f3CP.png,bali
Db6ZeyKp.png,bali
FUHlZ1io.png,pegon
EDYBqgFS.png,jawa
LleCoaPm.png,jawa
9TIwmyrv.png,pegon
pa0t0Im3.png,jawa
TZbJEc5Q.png,lampung
ikxVtKWj.png,jawi
l1bjJOgG.png,jawi
O2cSxVZN.png,lontara
1kXUAIq7.png,bali
DyApKdo9.png,sunda
vbZk0od1.png,sunda
Gz4I4XjD.png,pegon
Gt1Y9LUn.png,jawa
tkikNRDq.png,sunda
Z6jXysAp.png,pegon
J7xmz6DY.png,bali
PRCBxPDf.png,sunda
O75nnVBd.png,pegon
R7hXN0Is.png,jawa
chTzKXG3.png,jawa
9SmEWFni.png,jawa
XYO0lkbh.png,jawa
8H7Rwqvn.png,jawi
2hPccPXH.png,pegon
lkSQmQpI.png,lontara
rEFgR1nv.png,lampung
BZ0Y81JW.png,sunda
BLu4jSOQ.png,sunda
hKTKSUtm.png,sunda
p5Ftkc5E.png,jawa
BB9jaiNE.png,bali
fqNBDqhL.png,lampung
HkRqR2nq.png,bali
x0aby3Y8.png,pegon
kl3fdfJ5.png,jawi
UYiZIneq.png,jawi
n0KcZf9q.png,sunda
p4bw58hY.png,lontara
ZE7smt2Y.png,lampung
I7gROcLG.png,pegon
ls7BTYjS.png,lampung
h5HwWQrY.png,lontara
Nkt5Obtl.png,jawa
FqYdu6Ru.png,sunda
IsKLbvZE.png,jawi
OMTWoDVs.png,jawi
Ft7AWWYE.png,pegon
NHHL4lFQ.png,pegon
69KpwbyP.png,jawi
Ho5VxbCR.png,pegon
O8c4bZUP.png,sunda
4BRYud4M.png,jawa
dNJ9Mk7E.png,sunda
NeqSF8C9.png,lontara
cGRm8z3q.png,jawi
f63bm799.png,lampung
ZUeiocJQ.png,lampung
bbMe8dtg.png,sunda
eznzZQLq.png,jawi
kgvq42pp.png,sunda
xHK5Elf7.png,sunda
rguL8jUU.png,sunda
2olu5B8A.png,jawa
RdA2oMDc.png,sunda
gmqFb9jf.png,jawa
UfM3Zs6C.png,jawa
Y7LMeGDr.png,jawa
aDKtZS9i.png,sunda
tVkDiGZP.png,bali
kpc37MAc.png,lontara
qS1bQgrh.png,jawi
5hcvTggc.png,jawi
fWapgWWa.png,jawa
MypcSoUx.png,pegon
eft7xgwP.png,lampung
OOjmLM29.png,sunda
Ob0bY4kP.png,sunda
83GACi6i.png,lontara
v85qNYfx.png,lampung
gW1e4HMQ.png,sunda
MfQC2Kr3.png,jawi
OI3z5acC.png,lontara
RZkMZLlR.png,sunda
frP1Ukwx.png,jawa
XCJLzxWW.png,jawi
qmdP01So.png,sunda
XkxUmASi.png,bali
ZEwdMU04.png,jawi
4FPKdKNU.png,pegon
uOcM5HZ4.png,sunda
dH6D1EwP.png,jawa
AKyG3j6t.png,jawa
KfZGBti5.png,lampung
e4dw94Kd.png,lontara
pOad5fxD.png,jawi
Be9e06FH.png,pegon
CpF1ZOE0.png,jawa
FYOrxmwm.png,jawi
W9gSuSR3.png,jawi
qEn2KS9r.png,lampung
CQgcZsMs.png,jawi
Egu4zbrX.png,jawi
w5LwzzPC.png,pegon
xX4k0Iwm.png,bali
vO0RLeFy.png,lampung
C04yfeDH.png,jawa
zw2WTz4G.png,pegon
mxd41lB0.png,lontara
j1jL21k2.png,pegon
9B7SAYzU.png,jawi
g4bH8mfO.png,jawa
5VsxHtj2.png,lampung
ivo7yMiu.png,sunda
JKzpVuOy.png,jawa
k8F92nVC.png,lontara
4mql8x2r.png,sunda
sABFLHIn.png,lampung
wdrfsK9D.png,sunda
iTepwefp.png,jawa
73FKTrVv.png,jawa
8mASCnig.png,bali
5jyFZ7pN.png,jawa
nZKJkIQj.png,jawa
ruHTmE92.png,jawi
EGYKAu3R.png,lampung
KJhioPLX.png,jawa
6ia8NL15.png,jawi
FYqQ8ppo.png,pegon
CxHXAQm8.png,lontara
7C4dhdUD.png,pegon
hMYRtlJk.png,jawa
Y9uCrh5w.png,pegon
4SJp0T35.png,jawa
EjPGZ4qv.png,lampung
x5PHDILN.png,sunda
nVkau9kL.png,pegon
wbdNFcGz.png,pegon
mB6qQ2oy.png,jawi
tx4F4oiF.png,bali
iVGrPm07.png,sunda
a03e1Ocr.png,bali
eNlIGyCS.png,pegon
aAZk3hSE.png,lampung
ZrYfhSQR.png,lontara
9KyaSDOr.png,pegon
KUbQbHWO.png,lampung
OxM6azwn.png,jawi
YLbxheGn.png,sunda
Qc5hknbW.png,pegon
tsaSxb3J.png,lampung
O8XBRzpd.png,lampung
hIcRsrmL.png,pegon
Z0Agex67.png,lampung
VWWl1qDB.png,jawa
M67w0XRo.png,lampung
xZRdzdNE.png,jawa
sKxuojm1.png,pegon
23Sy3ZNP.png,pegon
WpcB9pPI.png,jawi
sPuyjKLc.png,lampung
5WE6mxHG.png,lontara
gYK1b3OS.png,pegon
3PlrNBxB.png,pegon
s2Wia4bd.png,jawi
n97oYdkd.png,jawi
RK50IyNT.png,jawi
AcUSR7EQ.png,bali
ujmySv7L.png,jawa
qKXx9xKp.png,pegon
8nz8RLRM.png,jawi
p89msgrI.png,pegon
IqddosIj.png,jawi
D2nMveQI.png,sunda
naulIztU.png,jawi
Xg65BY3P.png,lampung
KZl4Cdc8.png,jawa
nhJ5mswq.png,jawi
O1fJtSwf.png,jawa
f3xm4llA.png,jawi
d6hqWZCE.png,lontara
WH6Y1uB1.png,sunda
Yylhe9J4.png,lampung
oz4v3TmA.png,jawi
5jAYQSFw.png,jawa
WGlDihDR.png,pegon
HXSB6mc8.png,jawi
l0lHHR0b.png,lampung
vgRJHnKD.png,jawi
dI0n4lYQ.png,jawa
Yp6QDBoh.png,jawi
YspoW5hj.png,lontara
kVsbfCLh.png,jawa
siwF2MmU.png,jawa
su6LtMt4.png,jawa
1FEQV5fS.png,jawa
h1WIcKcn.png,lontara
dsP1v2BI.png,lampung
hoB57XaY.png,pegon
3sB82hrw.png,sunda
0JtpAYVm.png,lampung
bmTmhvh4.png,pegon
HiQpDzOX.png,sunda
TiF8BFmI.png,lampung
m4KxWiov.png,jawa
pGAQK6aM.png,jawi
Yqs0upEa.png,pegon
id1IvanI.png,pegon
J7zqsaF2.png,lampung
CCGwP4tR.png,sunda
zdJdGufU.png,jawi
jzPXvklM.png,lontara
PGRDwuWk.png,lampung
AuedFrPz.png,sunda
tYZZwo8Q.png,sunda
J42XlOVU.png,sunda
vTubUATS.png,jawi
oFtjAIEK.png,pegon
bQ9SWQs2.png,jawi
Dul3XkBD.png,sunda
410aBCt5.png,pegon
hYC2zOw5.png,lampung
07SOq8PR.png,jawa
g1BN29ga.png,bali
YG63h1to.png,pegon
QS8wDcom.png,jawi
RvKySjhb.png,jawa
eWekIEGw.png,bali
titiXf54.png,lampung
banMNyl9.png,jawa
ZU3lpxun.png,lampung
eJpGwj2d.png,bali
5Fob69NG.png,sunda
J65WKrBA.png,jawi
L5m6XGtX.png,lampung
Hlo1iXh1.png,sunda
5MEtQx2Q.png,lontara
en69NuQR.png,lampung
wROuUFAf.png,pegon
IZfyzjrg.png,jawi
vVVfo1NX.png,pegon
yRUSIFjf.png,lampung
OiqEPCdq.png,jawa
FXMnHRjk.png,lampung
M8CrDzFh.png,lontara
dWVX77Ng.png,lampung
l2s10RX0.png,bali
7XKbgUuw.png,lampung
3zpaIYZP.png,jawi
8KPZEf5C.png,bali
VppeTfy6.png,jawi
VNWsokw9.png,sunda
TFFBRW2j.png,bali
F4xJzofS.png,lampung
HNvaRLps.png,jawi
xakFyYvc.png,lampung
R256ODah.png,jawi
ml0G8LKd.png,pegon
khl05Liw.png,lampung
mjHqbyRT.png,jawa
uDOpsPz7.png,bali
nubogkVa.png,lontara
RJq9FlCW.png,lontara
a4YijKsp.png,lampung
LXBWvjSa.png,sunda
luuPnhLk.png,jawa
7sqOKNeI.png,lampung
Cit3e0ZH.png,lontara
7HtLdgFd.png,jawi
ACYSNPoT.png,jawi
5tbApScb.png,pegon
PZ83s7ox.png,lampung
qYlEZN9z.png,bali
vbf6KYBq.png,sunda
QYOcZ4pZ.png,lontara
mQI8F8Ee.png,jawi
6QJdvWd3.png,jawa
MKIeYWnk.png,pegon
epjmilg8.png,jawa
IEcahUzL.png,pegon
yPtUMCsZ.png,bali
Wy5AUVBj.png,lontara
fJGPBFfs.png,jawi
C4r0rPb0.png,lampung
bxy8C2HH.png,lampung
SDDP3Cyu.png,lampung
4FF2JARU.png,jawa
nwqDSKV3.png,jawi
bxlXmak1.png,jawa
lDwHJQr1.png,jawi
9rKePQ8h.png,bali
ZvfLChka.png,jawi
hmb3cixu.png,lontara
tJsxtIjW.png,sunda
ApGZUhvx.png,bali
9hEOt6ub.png,jawa
3bJ8IwCF.png,sunda
v1wDJE1K.png,jawa
HyeBoSST.png,jawa
AHcKHs1S.png,lampung
KlctSWiv.png,lampung
nWY5zpR4.png,lontara
XsihEgPn.png,pegon
2JxlD55B.png,sunda
w57AYeJK.png,pegon
sNPWf9oY.png,lampung
wf7QlkcF.png,lontara
rMHArfej.png,lontara
fjMJK3ym.png,jawi
Wf7GkTgN.png,jawa
nEDIsF4N.png,jawa
68afgUeT.png,jawa
KsjLEpLs.png,jawi
5XnLUpz2.png,lampung
Qg45ZQPS.png,lontara
HK7r5hJQ.png,jawi
obEVSnS1.png,jawa
QtuWQqsY.png,lampung
pJxVoXYE.png,lontara
UfrqVzUh.png,lampung
oSFFOCGq.png,jawi
ZzKtrE21.png,lontara
42AuXpVJ.png,jawa
P0FG1OpY.png,jawi
JiZM5KnH.png,lontara
biDJRFFE.png,bali
iXpOdQsM.png,bali
P8e7aw2E.png,jawa
IiMMT8s8.png,lampung
ZrBSm0ay.png,sunda
p4gwmE0j.png,lontara
uLDAj2U3.png,pegon
wqEYXXJi.png,lontara
UDpKEE02.png,sunda
EbuUh5Gl.png,pegon
OKUeHCon.png,sunda
aRqZzcov.png,sunda
5kP9dIAZ.png,lampung
gYcl2Ztg.png,lampung
8MjmtMqh.png,lampung
ZTYUCABk.png,pegon
6wXQUpBC.png,lontara
oVU4KNjz.png,jawi
7AyACFiR.png,pegon
m0xUELP9.png,sunda
YCRfYfws.png,jawi
rZWo0AVq.png,sunda
AarxilLX.png,lampung
JZ3ti2WV.png,sunda
Gcttufo2.png,jawi
4J4iodWN.png,jawi
uz1mDG9L.png,pegon
c8MHEGEv.png,lampung
sTSoLsbN.png,sunda
moZy4FT2.png,jawi
gtcC3Itf.png,sunda
uQPbzjZg.png,lampung
C7yrIZIh.png,lontara
VsoQtcrT.png,lampung
llobMCyU.png,lontara
K2Vz5KrQ.png,sunda
KmnHxbdr.png,jawi
66WeUSS9.png,jawi
MF7ca6o2.png,lontara
BH3gxbSn.png,lontara
0srIOzlg.png,sunda
45OP5nze.png,jawi
VsY29Wj4.png,lampung
t8RZQZo9.png,bali
ioOoSjCm.png,jawi
BPJZNUkB.png,pegon
IdVXZQ2R.png,lontara
6MfaKi9r.png,jawa
zWHu9JmI.png,jawa
dZc267vP.png,pegon
P4ZVLBUQ.png,jawa
pAc0Lz4m.png,pegon
EvybDrdb.png,pegon
8PQpv4uD.png,jawi
iGXHsCtM.png,jawi
y5ft18Dy.png,sunda
ytFPS2il.png,jawa
8NQyXSfk.png,lampung
LlkkfceA.png,jawi
1yFFYn31.png,lampung
9PcFRZ1a.png,jawi
WIFW8F8N.png,lampung
JCzxBoVR.png,jawi
rdGdUrCp.png,jawi
QsiOZpZl.png,jawi
RfhTuZBt.png,lontara
XGO4pjTI.png,jawi
enk34B1E.png,pegon
vFocUbhc.png,lampung
7gA3aiKb.png,sunda
EQxiCrz7.png,jawi
gRmsJmyW.png,pegon
1RdSjBkc.png,jawa
Jxkvi71P.png,sunda
9FifrhkL.png,jawi
LgnxrKxM.png,jawi
GGiYvXcP.png,sunda
1dBCTMe7.png,jawa
D9YOSThj.png,sunda
yshb82lE.png,jawi
p7yDELw7.png,jawi
85axTXwy.png,jawi
c8JjnNpd.png,sunda
Lie9VpkY.png,lampung
hCK9CeSz.png,jawa
hRnz8bDl.png,lampung
XqFvs9Ur.png,lampung
2DxpXBMt.png,pegon
m0mhKhmH.png,sunda
Bjz5XUB3.png,jawi
CDYxjO2v.png,jawa
dn3bIxdi.png,jawa
lVgJ9bxx.png,lampung
9aWsoHJa.png,pegon
2Ff8qqpR.png,jawi
rEi5INrR.png,sunda
tlvD40fL.png,lampung
MRIgYkAW.png,lampung
s3gRCrqz.png,bali
OMqtOTIh.png,jawi
KMcrrFqD.png,bali
hKZa2Gf6.png,lampung
BBpCXJwI.png,pegon
463G0Ht6.png,pegon
vCBlktfJ.png,jawi
UyFlqvyU.png,sunda
w8o9vdqz.png,jawi
1ZXt5YVc.png,lontara
6mTmsrHU.png,jawi
cYcN1Iov.png,pegon
7cLsAQW5.png,lampung
VCntaz7J.png,jawi
nSiZh3rF.png,pegon
lWQzCo11.png,jawa
lIJ2nVsN.png,jawi
t2ytmSoi.png,jawa
n6t0EOG4.png,lontara
Uvfh4Poy.png,bali
oLNMWwdT.png,lampung
4I5C6He0.png,lontara
oGQ50NpF.png,jawa
2fhUf3dp.png,lampung
J5TVh8iT.png,jawi
sc4NjpjX.png,lampung
UBZ0Xc6l.png,pegon
UyBEPteQ.png,lontara
3VXesh3T.png,jawi
c559xgSL.png,lontara
UQGy8JtS.png,jawa
MHFwpz6f.png,lampung
VV3ruI6T.png,lontara
J4IRgv79.png,lampung
oScQBOyb.png,pegon
knc0fzmS.png,lampung
eOzMKBjv.png,bali
AclUJnc1.png,pegon
8oon1AOL.png,sunda
rLCO2UUv.png,sunda
G3p5m44L.png,jawa
p1yXHAO9.png,lampung
fU1pOpgb.png,sunda
2VHtGRxd.png,pegon
ATlAKpHJ.png,lampung
Xgif1P74.png,jawa
Rw39bM3z.png,lampung
dG4aeif3.png,pegon
FbBVItl4.png,bali
jFBNnLBk.png,lampung
JhHaWiIj.png,lampung
tyNkM80A.png,pegon
J26dna6p.png,jawa
zXzVlu8P.png,jawi
hZbv0dby.png,lontara
bfdOXhPS.png,pegon
zmNJwFQF.png,jawi
ZRVem3cC.png,lampung
oR112ze9.png,jawi
mb7ZoXmC.png,jawi
D1dXd6Lh.png,lampung
KXs4VXyL.png,lampung
ZAq2aRdq.png,jawi
tZ4td6uE.png,sunda
7DQyWYpl.png,lontara
aSRRJPmo.png,lontara
npFTkZEl.png,jawa
TckZhNUh.png,pegon
dDlkh7c0.png,jawa
rtw44wJm.png,lontara
AJ324pKd.png,jawi
1JwgoIEF.png,jawi
9Z8ffJUg.png,jawi
i6o1rUti.png,pegon
qHg5OPKd.png,sunda
pGgXKvds.png,jawa
dqaM4zJ8.png,lampung
ci4zbgCE.png,jawi
SjrvMohO.png,jawa
k61NjZ6K.png,lontara
17QqJVl4.png,lampung
YZYJI441.png,jawi
xr9B2gVI.png,lontara
WTIgHMer.png,lontara
KhYsnJ7W.png,sunda
iw93B6ly.png,lontara
CtnP6Yix.png,pegon
DP2jk9P6.png,jawa
zijPMrku.png,bali
LzvDXemu.png,jawa
Bo76h2Vj.png,bali
img8fMCz.png,jawi
bKKgpeli.png,jawi
Y8wwoa2G.png,sunda
Az8IBosM.png,jawi
PxN5O7vl.png,lampung
NV6Hx5tc.png,lampung
fdH8nwNs.png,lampung
Y64dkILn.png,pegon
UxoZ7kjL.png,jawi
htvzNAYB.png,pegon
wMOIJRjE.png,jawa
mCUSvUv0.png,pegon
bcP1tt6r.png,bali
ElyfuJMT.png,pegon
Vz3JaOKr.png,bali
r4sazkrB.png,jawi
xLrTWoJt.png,jawa
3KrSzVb8.png,jawa
1PhwYZl3.png,jawa
PqFZrE4J.png,lampung
zTHtKUeq.png,jawi
4i6HoUxV.png,sunda
KsB6SO8u.png,bali
OGpRGS4B.png,lampung
sk6qzcDo.png,jawa
czAlIux8.png,jawi
KmnLOaEW.png,jawi
J3z64LUL.png,pegon
tU5mDdLY.png,jawi
VkgRO7Nc.png,bali
gbUSSBpy.png,pegon
QAoVAYoo.png,jawa
wa4ThVzh.png,jawa
bWDGpTWd.png,bali
FXYmf7Pe.png,lampung
Yi4RimP2.png,pegon
ZND535xh.png,bali
bBenvn7g.png,lontara
I3XTeCOm.png,pegon
OyuxLiGq.png,jawi
yQNohlp1.png,bali
tQapF8RO.png,lampung
NTN3eikA.png,pegon
0JyyDIqD.png,pegon
GT1cETKa.png,lampung
FtwQH2Wh.png,sunda
HqbMRYKB.png,bali
RdkkAilw.png,lampung
LTYUKfIW.png,bali
2aFqtqPE.png,lontara
6ZEkTAJZ.png,jawa
gsORvclG.png,sunda
fxqwtxRA.png,pegon
77qjeksi.png,lampung
9hLrZQuO.png,jawa
vSycO5gD.png,sunda
C7LyXkt4.png,lampung
IaEqbKjN.png,jawa
55CLT8Hk.png,lampung
Iaybz7Y9.png,jawa
KvTCLGjr.png,lampung
Yjxt8cGT.png,pegon
kcB23A2v.png,bali
uQynhWQ9.png,sunda
PzG3Xfvg.png,jawa
6UUXRLnJ.png,lontara
dU34yAS6.png,lampung
YRDdvXQW.png,bali
ek1jlBYJ.png,lampung
8GaRNNLF.png,jawi
mQ7Tbdzg.png,jawi
Dn6CqMHc.png,jawi
dol0QGSw.png,pegon
m38r1Z7J.png,pegon
vvhqSb3g.png,jawa
rYJw0Q7o.png,lampung
qCCmFzrf.png,lampung
SGNi9V0D.png,jawa
ehQomwPW.png,pegon
ATaCCYT8.png,jawi
VfScwQyQ.png,lampung
vw155Kwq.png,jawi
e9lqe71L.png,bali
4XsRQr0i.png,sunda
2oYhMFk5.png,sunda
KkRvOky1.png,pegon
0mpqYu2h.png,pegon
ZiL8JAaV.png,sunda
BUbnBXtj.png,pegon
pJKpoc9p.png,sunda
4nQu2nGP.png,lampung
zscl47v6.png,bali
Jac8kKHI.png,lampung
9AXZfY9l.png,jawa
BRBuQJEE.png,pegon
jzbHXLGA.png,pegon
bGwwt5Ng.png,sunda
T6tQ0CDb.png,lampung
LZQLj3qG.png,jawi
4SlMj3Qq.png,lampung
oOOP2NV1.png,pegon
rD9gRMHI.png,jawi
HDd0asDS.png,pegon
CWt0ZiLs.png,jawi
7nbQRjoy.png,pegon
WLGZ8Ywy.png,lampung
y4gs4UZ5.png,lampung
aNaBEBg4.png,jawa
MEnFNL0f.png,lontara
RFE3aA6w.png,jawa
E2xHpN9W.png,lampung
KOKuH4pU.png,bali
QpETTmPL.png,jawa
0sALIxsQ.png,jawa
5ENLInZf.png,sunda
KD5ZKxg6.png,jawi
6PeP0Fvf.png,jawa
yUKeLjXs.png,jawa
k4aSaiW1.png,sunda
eBQhuFpt.png,bali
kxqeRAy9.png,sunda
MI2TDEy2.png,pegon
YU9Ae1Va.png,sunda
3DHZnULK.png,jawa
1zfzwRcg.png,jawi
uJyVz22b.png,pegon
gJ5lAJKL.png,lampung
iNpMuxSh.png,sunda
MoHAMBo4.png,pegon
L1uhuG6b.png,sunda
YP9bsNG4.png,pegon
h93bYqfg.png,jawa
lDno9Wlx.png,pegon
82QdvDIf.png,bali
JeBQ57n8.png,lampung
gWMu94iz.png,lontara
8eiV09a9.png,jawi
G55wHgVk.png,jawi
gcVyA4TX.png,lampung
ams0UyIa.png,pegon
ID4kcQrj.png,jawa
qdF48zrQ.png,pegon
7y9aXDQr.png,lontara
cwHNpPeT.png,jawi
SAE8HIJO.png,jawi
7AbtQy1T.png,jawa
UkCvuCnW.png,jawa
ZJF4UG25.png,pegon
qzj5le1z.png,lampung
6GA4sPiL.png,lampung
QtHRhxoj.png,sunda
384rHTEw.png,pegon
Vr7P1Bma.png,lampung
YBbC1TXz.png,jawi
YOG9Fg5H.png,lampung
qu2ChTd9.png,pegon
4IKYdzor.png,jawa
x6RVUnPi.png,lontara
cEViaCWK.png,lontara
b8XFQYPz.png,jawi
a7yUAJ7K.png,bali
2jb1cIa7.png,bali
JOtIrNkY.png,lampung
lYTUM12w.png,sunda
K76t73M1.png,jawi
4vJsCqRw.png,lontara
nLbpboWh.png,jawa
tfbx6iQk.png,jawi
3G2FsNXW.png,sunda
RKoBPxWp.png,jawi
9I028l0a.png,lontara
xtD5j5OM.png,sunda
BLyfZBXd.png,lampung
uQxJBuls.png,jawa
80auwpyg.png,bali
xOfR5IRv.png,pegon
cposr4dQ.png,lampung
8xxhJ6Bb.png,pegon
YOG2HUqZ.png,lampung
7OtAaulf.png,jawa
sadgF9zG.png,jawi
GHXmn67S.png,lontara
UqH3sEqL.png,pegon
BlCySNfN.png,pegon
yAaJfDKU.png,pegon
7Q3alMCw.png,sunda
20qSygmv.png,jawi
NAETW72M.png,sunda
FftkHw5y.png,bali
yitDFeVv.png,sunda
6TPvnknD.png,sunda
QKmjvIsX.png,lampung
7xPdHFbr.png,jawi
vc1Bsrao.png,jawa
WqrEXrwL.png,jawa
qSZlUe8k.png,lampung
EoEYYS0c.png,pegon
paGLwwWa.png,pegon
c71o0GoH.png,lampung
r2fav8yN.png,bali
pqHlrmfp.png,jawi
L9uCJMW1.png,jawa
Z7z9QvOn.png,jawi
KLLQwlvZ.png,jawa
W5obsPSI.png,pegon
YxMvVphQ.png,bali
jkGkONEU.png,lampung
NbdpJWDR.png,bali
A24iYh0N.png,jawi
Wf59ivua.png,bali
qbvCJuLX.png,lampung
pBcVlUoo.png,pegon
8SGmO45T.png,jawi
dC0GTu83.png,pegon
tHLWFLD7.png,lontara
DgfwiJq7.png,jawi
U8HflJqF.png,jawa
wp5IebUs.png,pegon
X45DaTJm.png,bali
HvGXaC13.png,jawi
rscXnlOp.png,sunda
hKXz7ACw.png,jawi
WjMQPiQi.png,jawi
O3mHCAAz.png,sunda
K2PaiYL2.png,pegon
c9xgb5wW.png,pegon
pH2scRzt.png,bali
9zefkJh5.png,sunda
BL0mrFOX.png,lampung
Mso5c7wt.png,lampung
HKhFOOH6.png,jawa
B0Duulnc.png,jawa
1bfU3rLY.png,jawa
VOHC6Fv2.png,bali
MWX7EosX.png,pegon
dZf9njnv.png,pegon
7lKgtsg7.png,lampung
TOSOMuWy.png,jawi
KuebJatg.png,bali
C0YoDOxo.png,jawi
relGPqgF.png,sunda
k2Ji621r.png,bali
Cgext54D.png,lontara
KdywFddA.png,pegon
c8bwohzB.png,pegon
QNb5pPkK.png,sunda
RkaK8C72.png,lampung
MSzffMvS.png,sunda
BCsNKz6s.png,jawa
YK2vpOUY.png,jawi
u4RW006M.png,sunda
z3euudDo.png,pegon
e9seSuWU.png,pegon
BPTUSR7Y.png,pegon
VI7dGlF0.png,lampung
eE4nS09i.png,pegon
5iwefN07.png,jawi
76uSfL98.png,lontara
czSQGZpZ.png,jawa
ceAMYsF5.png,pegon
Ktw3nK3E.png,jawa
uZw33k9K.png,jawi
uLik2Mic.png,pegon
G2yCEoRZ.png,jawi
qxLU4chO.png,lontara
U5yY61mX.png,pegon
wVNoWzzC.png,jawa
KKYsJw9x.png,pegon
mNNDbCbc.png,sunda
V6dmXQ8j.png,lampung
8rbdmCMM.png,jawa
jKga3mWM.png,bali
3F3giIcO.png,sunda
zPa40sOZ.png,jawa
NW10VoCB.png,jawa
2TCrGHEY.png,sunda
JY7Zsb9Z.png,sunda
QDodtUa5.png,jawi
m9Tt3l86.png,bali
NnmJrryK.png,jawa
RnOHmNYl.png,sunda
Dm86hVA1.png,lampung
nvdVB6Uu.png,pegon
utewAAvB.png,pegon
wRVobSt2.png,jawa
y8NpYV6g.png,jawi
cdyCdzC7.png,jawa
ZTCgJLvF.png,jawi
IhCWlw5s.png,jawi
ibMNVmSQ.png,jawi
F2z8o4Kl.png,jawi
9O4h0dzS.png,lampung
NUG0ZCAD.png,sunda
uU65EtiP.png,lampung
umjXSNPC.png,lontara
r0LamLUO.png,lontara
JTS9vCSz.png,bali
0qC4FVqq.png,sunda
mCM5fojo.png,lampung
4Mqh7sTK.png,jawa
leFCxtZZ.png,sunda
ulAMRwPr.png,pegon
zpWCPise.png,jawi
dYpcQD9t.png,pegon
QFITA17m.png,bali
iaaNN8nt.png,lampung
JflzemUp.png,jawi
bX1CgGAP.png,jawa
ssntx0wo.png,jawa
vv7gFAoQ.png,sunda
2k8AUQjp.png,jawi
LELiPluX.png,lontara
784j5cjr.png,jawi
vWj7N2tt.png,jawa
QHkFiCcp.png,bali
NdZyUwtb.png,lampung
wTBN5zYk.png,jawi
Lf2WR5Pp.png,lampung
tXgcs1MD.png,bali
fOVZKkpC.png,pegon
1jY4KABg.png,jawi
cdpS87Z0.png,lampung
4XDikUff.png,lampung
pVmZIaky.png,lampung
5dUveaUc.png,sunda
2GTmdVJZ.png,sunda
KgISEp5u.png,pegon
dsIbKUKi.png,jawi
7u6frnW0.png,pegon
rwJtmnyu.png,jawa
bszPh1wm.png,lampung
ejubNquD.png,lampung
o28cm4o0.png,pegon
qCoa3uzM.png,lontara
GZ0OGFej.png,jawa
IgoBASxm.png,bali
awOVGOWV.png,jawa
OkjBW7dA.png,jawi
wMqZWOJU.png,pegon
tVHGMw7T.png,pegon
hsiSqbDw.png,lampung
bJLJGVlV.png,pegon
y1ZwPjeZ.png,lampung
pjRn1OFo.png,sunda
635v8Ku4.png,pegon
8DwrOn2H.png,pegon
qMBB0TN7.png,jawi
d5y6kFuS.png,pegon
5zEGbmuw.png,lampung
7N1hDAfk.png,bali
LEqP01xX.png,jawi
cFJGrF9B.png,jawi
aRuiHfXN.png,lontara
TlE7Oxcz.png,lampung
FE6LbYOo.png,jawa
naL9ltRt.png,bali
3boOyZCX.png,pegon
hj68WFK4.png,jawa
1bgclPhG.png,jawi
XsfSqy50.png,jawi
PXLGGjDk.png,bali
ytGTmhSz.png,lontara
wHObpyQP.png,jawa
aTlANXcT.png,pegon
KLwhf7Do.png,jawi
Yf2pH5hz.png,lontara
TQG52tc1.png,jawi
pk6IEVOc.png,lampung
pnwTi55u.png,lampung
zq6v2b59.png,jawa
IBhOyr0n.png,jawi
1Fo1hcmE.png,jawi
q6G0VIbY.png,lampung
Y4p4j3Ju.png,jawa
XO0Gjsmw.png,jawi
imyRMBu5.png,pegon
p4HXvNg7.png,pegon
aYrY3N0P.png,lampung
aOGR5fvM.png,jawa
TWiNr50L.png,sunda
JVcjNCAT.png,bali
jLxiHQp3.png,pegon
KUHCCHQp.png,pegon
EdXYvBaw.png,sunda
gB5HEKDT.png,sunda
tC3bWy0s.png,jawa
JZSUGukA.png,jawi
mk4hXieL.png,bali
ygMdE1TE.png,jawi
8X8ZNihR.png,bali
MJ0ar3Ba.png,jawi
E2sbQGUP.png,jawa
GlaZZ42x.png,sunda
tsBTvthV.png,lontara
WjQhQf9E.png,pegon
LgY2oxRM.png,jawi
DVugFizb.png,jawi
vmpyHuCK.png,lampung
xYIIG4tQ.png,lampung
tstn7wUL.png,jawa
WpCZ3yCp.png,pegon
SUok4D8r.png,jawi
PyOaKXYD.png,lampung
WyGAHa0p.png,sunda
rWXkcfa0.png,lampung
sTjR3Dyb.png,jawi
yadJrPa1.png,lontara
OjEHrZnA.png,sunda
YuGKQg6W.png,bali
h6shgogS.png,sunda
0kVLADpM.png,jawi
TzeKbHoR.png,jawa
zf8g9Mcz.png,jawi
ynS8mZ98.png,lontara
txdbKyaq.png,jawa
nVCi1qwJ.png,jawi
Pjd0DFHr.png,jawi
3MoOCRjE.png,sunda
ZkmxSFAa.png,jawa
LgzzeUcb.png,pegon
TUzVAkMo.png,jawi
ElQ8eGwf.png,lontara
uufSFSKn.png,pegon
P3ZH5JJE.png,sunda
cbFu1BeI.png,lontara
GECCV06c.png,jawa
RvjfTC9l.png,bali
ndN6TouG.png,lontara
cdtABZzl.png,pegon
52ZlMYx8.png,jawi
SFTZbwBD.png,lontara
CIoNmM7x.png,lampung
VVSABDHA.png,jawi
YPxX04FE.png,sunda
H68mzDnY.png,lampung
QH8QvHeT.png,lampung
8cciWNje.png,lampung
73A8YtU4.png,lampung
nDZvYsLs.png,pegon
LQBCi9os.png,jawi
Os54mX6S.png,sunda
Q6gMABvM.png,lampung
2HwZGmvX.png,lampung
Fia1jK0X.png,lampung
M7nFsmdf.png,jawi
vksGGrjf.png,sunda
k3u8F2BM.png,bali
YJfS9mlO.png,pegon
0nJGjq1L.png,pegon
MwsTriDE.png,lampung
sFQaU09D.png,jawi
pHAAQca6.png,pegon
rjiITWLj.png,pegon
GJn2h5si.png,sunda
vdEPkEPd.png,sunda
yqryTEBF.png,lampung
x6xV4PfV.png,jawa
V3lw2d1t.png,pegon
EbZa6Fj2.png,jawi
RykegdIZ.png,lampung
jXdFCdlp.png,lampung
wlfbV0oP.png,jawi
Evv1Rcph.png,bali
mo5lpfJu.png,sunda
yJVnFeI4.png,pegon
JSRPNyQq.png,jawa
Y7HF0rUi.png,sunda
BdC9YSKj.png,sunda
ssX67UJG.png,bali
xFpRi7LS.png,sunda
YlVYxHxS.png,bali
FNbzwhdk.png,lontara
e7fBnNyr.png,pegon
8kNJJLPM.png,jawi
QP15xxzF.png,lampung
sB4HeRvh.png,pegon
GRzgRLrT.png,jawi
07mLGdf9.png,pegon
duh4020T.png,jawi
23gnV76X.png,jawa
GShkyfIf.png,lampung
nxLqyARW.png,bali
cb9rjyqL.png,bali
aa4YBQI1.png,sunda
9r05zL3u.png,jawa
FNhwLWqC.png,jawi
WwdY0jTz.png,jawa
oeAsHoXp.png,lampung
Vl3ILnER.png,lampung
nS70bGrD.png,lampung
9SdBqEUb.png,jawa
0BQwFBLH.png,lontara
K1aE1C0q.png,lampung
Imn7kJmL.png,bali
RooI9ETD.png,jawa
tn9Xx4Ce.png,pegon
fsRlZTJ9.png,sunda
rvSEepic.png,sunda
d33bEEyb.png,lontara
Ebcwkptt.png,lampung
CMiSgpjz.png,lampung
rg4wCG0l.png,lampung
Rw6orHeO.png,sunda
BFq3TvyS.png,jawa
n86MhOTz.png,sunda
U2nA0Cet.png,bali
aa1nwDXG.png,bali
TinA0US9.png,jawa
peAZ4YSz.png,sunda
jCXHi2dB.png,bali
lYyzB0N4.png,lontara
TczqNdsP.png,bali
uvnNnobA.png,jawi
ofolMdSg.png,sunda
PkOqGdW1.png,lampung
NMYP4oXy.png,bali
nL4gJTNG.png,jawa
6Uuq8o17.png,jawi
VotL8Yq5.png,sunda
8AWCnrwa.png,bali
fSBAT1m3.png,jawa
KKELYNTz.png,sunda
kI0m4DGb.png,pegon
PTcgXTsm.png,sunda
2EO9FTCE.png,jawa
YAjzCk0W.png,sunda
76s0kCGm.png,jawa
YkcTFGRg.png,jawi
MwNfgpfj.png,jawa
cmqLtXTY.png,pegon
SsbS18ul.png,pegon
z2dcFxy0.png,pegon
bPk5Zpz2.png,jawa
mtg9oV0v.png,lampung
aDnHuOoQ.png,lampung
cr6l2xZg.png,pegon
tjWyfHS1.png,bali
jMIlbyzj.png,jawa
30HILJhO.png,jawa
l20H0Eni.png,jawa
IY3766KV.png,pegon
aROkxhKx.png,jawi
9aczqg2U.png,pegon
Zj1c07AG.png,jawi
od1Ktiiz.png,lampung
lideUQxV.png,bali
HpgH48Jw.png,sunda
hMmeYYps.png,lampung
3ofFY2Sm.png,jawa
E9oR7qpJ.png,jawi
m3fP6GV3.png,lontara
lyi3gocR.png,pegon
fNrvS2dT.png,jawi
keb3Ppst.png,jawa
0vcG60TH.png,lontara
gagP6CWw.png,pegon
rYqPG6oa.png,lampung
K4f4r5sY.png,lampung
5Wk3X48f.png,jawi
fq6xVRZJ.png,bali
L8xzqZny.png,jawi
nxq94Uy5.png,lampung
zvCthzl1.png,lampung
3pVcPUHm.png,pegon
gaYv1M99.png,lampung
2xw7Dhvb.png,lampung
mlDd7KyK.png,lontara
o1bsy7vZ.png,pegon
svnVLQms.png,jawi
LUhBfRJX.png,jawi
PO7ahJNl.png,lontara
tZE8mIHe.png,pegon
lyweVvK0.png,lontara
F9r0oNA8.png,lontara
dD58HdSV.png,bali
AVG1xmZn.png,jawa
Ufoqua7X.png,lampung
exjlcLmD.png,jawi
H7EwPJvu.png,jawa
HgTPEkNx.png,jawa
ST6Z0MID.png,sunda
siKCq7qd.png,lampung
5H6vAKUm.png,lontara
QU4zCN1G.png,jawi
WM2xqcu5.png,jawi
UNuzIs0Y.png,sunda
U0aC8irH.png,lontara
HueiQtZL.png,jawi
I8VCU7ZW.png,pegon
FfJasBH5.png,sunda
KrMAb5my.png,pegon
gGK9qSM5.png,jawi
UohQNFh2.png,jawa
UtpCEyYg.png,jawa
XKjfH0QS.png,pegon
gLNXyKXe.png,lampung
gUAOWfT9.png,jawa
AyRslECF.png,lampung
Trj3xlBU.png,pegon
g4n8yg4t.png,jawa
2aWpINt9.png,jawa
mbItzTwS.png,jawa
pFtAfUA2.png,jawa
LpvjJyLN.png,pegon
JcfFyYyJ.png,lampung
wI63YtzQ.png,bali
zpogM76A.png,jawi
7ddFScRx.png,sunda
8sRTep70.png,lampung
v3ji33vL.png,jawi
dPbWHOlP.png,lontara
kp0AJeXF.png,pegon
Yz5n0eUO.png,bali
mcmf86Hu.png,jawa
cnfkBXfc.png,pegon
5iF43mor.png,sunda
PVFv7RjL.png,lampung
MYfkdVKm.png,jawi
MrW3Cv8t.png,bali
INmr5mlx.png,lampung
LZeMaSnU.png,pegon
vwX3sB0J.png,lampung
S0zbR2ca.png,lampung
HbhzJmoO.png,lampung
r671hwMN.png,jawa
zAap0P33.png,jawa
iIN1NoGo.png,jawi
8Rm7nDGg.png,lontara
cfFtlmwR.png,jawi
VDnMSqBZ.png,lampung
zpaHQ2Ne.png,jawi
maPdKjah.png,jawi
uYQZ29qC.png,pegon
Xzkxo2qn.png,jawa
U8jUC8UB.png,jawi
sh9rUg6r.png,pegon
VOLBjEeo.png,jawi
Nv9vaElA.png,bali
JaAYEY9v.png,lampung
o7Bem6Ry.png,lampung
YlH1xvEM.png,lampung
LEKlm6d6.png,pegon
x1x4SPLf.png,sunda
a88RRy4F.png,lontara
uvthEv84.png,jawi
WoUqvWS2.png,jawi
U5Tk1KVn.png,jawa
p2JqpPyE.png,lampung
3XWDQfar.png,lampung
7RQSIIgQ.png,sunda
3JZPUChM.png,jawi
2eDIkByX.png,jawa
FXBWYuzP.png,bali
An077pEe.png,jawi
vEyqXgNz.png,lampung
f5xPQ3yP.png,lontara
sW6k113S.png,lampung
KN4s05tz.png,pegon
ctoU0dAx.png,jawi
CqTBo31E.png,pegon
bgCw1ls7.png,pegon
RgQ4YWQL.png,pegon
BRn8najA.png,lampung
O4LrmJol.png,jawi
0IYlE6Qs.png,jawa
CyaZGGDg.png,jawa
XOPFxom5.png,jawi
3XxZii95.png,lampung
x1dqUZG1.png,sunda
kNAeelBi.png,lampung
LZZUYaqO.png,lontara
OFEX7PTu.png,lampung
oYO6RsA7.png,sunda
sxg8ZDXl.png,jawa
Wk83Jnyf.png,sunda
YTA3kuq3.png,pegon
3khjfbms.png,lampung
fPdfHQBL.png,jawa
Cu9dTGlX.png,lontara
pi5gzw5k.png,jawi
d7hiVjdL.png,bali
a2tWAotu.png,jawi
CsPBfLQA.png,jawi
2UbepehD.png,jawi
es7Le3DE.png,jawa
GyCiv0pf.png,jawi
jYZgFEKy.png,jawi
5PoppZ3A.png,jawa
H0CH99hz.png,pegon
xzlLmcIf.png,bali
3djH1cav.png,pegon
8SkCMX3d.png,lampung
XPYzUDEj.png,jawa
m2S6DprZ.png,pegon
NqcaaYIm.png,jawa
2Fw5JKGT.png,jawi
V2rjzLxE.png,jawa
wWE5eSMG.png,bali
33ptUKR9.png,lampung
6eOppc9o.png,pegon
NYqz6rNj.png,jawa
I6Fmy3R9.png,pegon
JZ1whhs3.png,lontara
aCl3KID2.png,jawa
NnFFxT0c.png,lontara
Bx4XFOn6.png,jawi
c2pOOHQ3.png,lampung
z9U73FKq.png,lontara
gyUnR6N5.png,lampung
0URMoePv.png,jawi
CXKWVvFV.png,sunda
uvtlN1E1.png,bali
3m9u89Co.png,lampung
wVS0Px11.png,jawi
SegfJjyr.png,sunda
DKqaspYL.png,bali
1S63AGRh.png,lampung
f04zoSZD.png,lampung
BIgJ1ZMI.png,pegon
IXu0waxJ.png,sunda
RIzY1NuP.png,lampung
0bLzXm08.png,lampung
UHyOEX8i.png,lontara
cWgyWFiO.png,pegon
Om2FiblE.png,lampung
NpIPw3S7.png,lontara
1PiZW9m0.png,sunda
7NriGtD8.png,pegon
odtGQPrl.png,sunda
5GhVgAak.png,jawa
Iks7c4gy.png,pegon
tChVi4mS.png,jawi
7DkU2mUH.png,lampung
xsFGnes8.png,bali
PL0A1oKJ.png,lampung
3Ny1thoa.png,jawa
npr9gVDN.png,pegon
Ia18hF5j.png,bali
k05hCP0Y.png,sunda
S0UQclww.png,lontara
wZk58O4Z.png,jawa
sA7aQbuA.png,sunda
Amli5XXI.png,lampung
1xrOjcUj.png,lampung
2uEW8ErF.png,sunda
b7Y33DMB.png,jawi
rT6xHRjL.png,sunda
RysCA3v7.png,lampung
j4kHn7Rn.png,jawa
gHn3XLbR.png,pegon
yMDh78Be.png,jawa
xqYbyCUH.png,jawi
9ljOkdkw.png,lontara
6jHintl1.png,jawa
RAIgESEh.png,lampung
nOauZuLe.png,bali
omg1CH9r.png,lampung
kZwWwWaK.png,pegon
2Kvg57hl.png,lontara
efLdQ9VS.png,bali
pSFQbIUh.png,bali
M6cSqqER.png,pegon
fYpjgh23.png,lampung
32WgqzZ5.png,jawa
vLZ2Zzux.png,jawi
2OU8ugSX.png,pegon
D5zOPOj0.png,lampung
aOrYQfky.png,sunda
KVA0M1Eg.png,jawi
MBhRoKiP.png,sunda
JqPlRKXa.png,lampung
q2fheS4w.png,jawi
fexeyBt5.png,sunda
yHcRQNwH.png,jawi
Z4cPkWb6.png,jawa
D2nDbjMN.png,lampung
C7YjrKzi.png,pegon
5QvRCD7C.png,sunda
3E46Meu1.png,lampung
K4CdiUFZ.png,jawa
YYPX7AVR.png,lampung
HFc4SvDg.png,lontara
WIQxsVUW.png,jawa
2dWrOTZ0.png,lontara
mnRwgtWC.png,bali
7W7lOoHm.png,jawi
3IaW9uiK.png,bali
XB1pSPjA.png,jawi
nbIBLU4i.png,lampung
m98PDvdz.png,lampung
QBMs0ScI.png,lontara
OigrvWkg.png,lampung
c1RY5dfN.png,pegon
25CIphH2.png,sunda
jAlMSOwd.png,lontara
qLSVYAkW.png,sunda
k68FCAm3.png,lampung
faZhSGZI.png,jawi
wdky0buh.png,lampung
L7k1sFz3.png,jawi
UGgYElDA.png,sunda
yzmS4caJ.png,lampung
gzHX45bu.png,pegon
01pIIB2i.png,pegon
KW8grxF9.png,lampung
VyvrXSkm.png,lampung
ryofwTi8.png,bali
5R2Txw3W.png,pegon
67gKzpkx.png,sunda
qniGAf3V.png,sunda
KGz9p91I.png,pegon
lGU0Heyr.png,bali
qhE4w58k.png,lampung
nT4atQga.png,jawa
pTUfcyY7.png,jawa
hF9EVJmD.png,lampung
j5XPGZaQ.png,jawi
Ja4EdC9z.png,pegon
FFKi71pa.png,jawa
1kJ3HQZk.png,sunda
svLeDjUs.png,lampung
mrVVJCYe.png,lampung
5JyYVH9C.png,lontara
gkpEJ2xi.png,lontara
P8bvkp33.png,jawi
dMIVzKI1.png,jawa
RRPXgg0Q.png,jawa
4AI03fCF.png,lampung
PivFJPak.png,pegon
bS7buCoz.png,pegon
LvnmV8ep.png,pegon
FjF43BaC.png,jawa
BbGNS8eS.png,bali
zEi3wlNQ.png,pegon
2xswc9B0.png,lontara
X0FZeG9H.png,pegon
bNy7a5lN.png,pegon
KZfjiigE.png,pegon
RbiCvqh7.png,jawi
fsbBJFWU.png,jawi
crFVBO2G.png,lontara
aPw6L75f.png,lampung
UWX4sYUh.png,lontara
61dk4lYl.png,lampung
2ai83QsJ.png,jawi
ITsTKOTj.png,jawa
dLpc0ucL.png,jawa
3KzFDfCr.png,jawa
vkQTyyLc.png,lontara
njrveC8J.png,sunda
6s9qPemT.png,lampung
UpOiuDO9.png,lontara
CCzzkLVk.png,lontara
6Bcfu9pj.png,jawa
gyJqieUo.png,lampung
A4FPrMVH.png,jawi
8qPwiXrC.png,lampung
ZX84e05Z.png,pegon
HUHXbpnk.png,lampung
cjCtW9vJ.png,bali
zbNas0PY.png,jawa
RO8EUNAS.png,lontara
eoN3JDT9.png,lampung
RUmEfifv.png,jawi
gFOUzUzP.png,pegon
cs9cua3i.png,lampung
79IQxCFE.png,jawa
BEp2ecgf.png,jawi
WSXEqLZH.png,lampung
1sl9l18q.png,jawi
LjSvTtSq.png,bali
3XRv82Kj.png,lampung
9Ur7xb8e.png,lontara
NVWWkIMY.png,jawi
61eK5Vum.png,jawa
fkjf2RWQ.png,lampung
qnj21lPB.png,sunda
WNmGDNed.png,jawa
c7CpgYxp.png,bali
NIghSYFP.png,jawi
Xp4LSHWY.png,lontara
WYbZ8YqA.png,lontara
a6bdzkoy.png,pegon
rIgDo87I.png,bali
6xrxYDDl.png,jawa
JXbPYBgS.png,jawa
EjpFMwzQ.png,bali
iMqqhdLX.png,lampung
OLW1nlK6.png,lampung
H3uCqbNM.png,pegon
RlXNamFF.png,pegon
8x1w33Zs.png,lampung
PGNOOhvL.png,jawa
8Lt99Kmk.png,lontara
DEBi3a48.png,sunda
Je9H5lU0.png,lampung
W2b5suqM.png,lampung
rLYsNyUj.png,sunda
JyUjckDh.png,lampung
uEfERL4G.png,lampung
EmXlGCz6.png,lontara
Ayyo73ui.png,sunda
JsqQpKkl.png,pegon
x49lBBdD.png,pegon
BPWOyNu3.png,jawa
8jmlE7EL.png,jawi
zRZrSUH4.png,lontara
ixXTNYr2.png,bali
hZhzHCox.png,jawa
D7umVvzR.png,bali
AoyjV7PV.png,lampung
NedGhGYE.png,lampung
GPaYfSjo.png,lontara
9mgwjKFd.png,lontara
2bFgjAMg.png,jawa
qESXeLFx.png,lampung
G3HWtTBC.png,lontara
S4JDOsWW.png,bali
Tc1MPDek.png,sunda
v25Qnp6n.png,jawa
tNuYehVt.png,jawi
6MFdJULv.png,jawi
xYHPlblG.png,bali
BDpH623z.png,jawa
AiLJEZlc.png,lampung
ZidgBp7D.png,lampung
49XX2kpf.png,pegon
0m4JQRur.png,sunda
0S3gToBk.png,lontara
nPC2cn3W.png,jawi
JOvOFyZh.png,jawa
zVqTzlD2.png,pegon
MdcU56qK.png,pegon
ojEKDjFZ.png,pegon
0ETfHMwe.png,jawa
cQKPYabY.png,jawi
LItzxn16.png,sunda
IcbvzgRM.png,pegon
TfawUQgB.png,jawi
iYaXOTjQ.png,jawa
MOl6UkKL.png,sunda
A5UmJB3T.png,lampung
slpJ06Tq.png,jawi
7mWJxfCJ.png,pegon
r536Me1X.png,jawa
YYX9z6qk.png,jawi
90lPg4YM.png,jawa
UaJhTZwC.png,jawi
mXz8xvjZ.png,bali
ogAU3Qgv.png,sunda
qtc2AB3Y.png,jawi
TfWm5aLZ.png,bali
pQXVAoxJ.png,jawi
e6bTGEhB.png,jawa
2ntNUtAt.png,lontara
oxyndgPe.png,sunda
Imobjmho.png,lampung
S2LnsPn4.png,bali
s1qR4aHe.png,bali
P1m06Z7A.png,jawa
ZsFYRKpw.png,jawa
Hw6soxok.png,jawa
BeAHK7YT.png,sunda
EuM4sD43.png,sunda
hf7YHOni.png,lontara
36FndVHz.png,sunda
H7OEYXQz.png,lampung
YIKSmxn7.png,sunda
KnFloBeJ.png,jawa
92weGsyW.png,bali
2Uwz8K8y.png,bali
1Ao7F9qT.png,pegon
ljhasZYE.png,bali
WWI23xtW.png,bali
peYcc07x.png,sunda
RluiVo0S.png,jawa
L9tVkVXc.png,jawi
M8nF1X7l.png,jawi
jBZsnwCX.png,sunda
BGVcRx5Q.png,lampung
vyGXLfpE.png,pegon
lUxTv9XY.png,pegon
jaletqae.png,jawi
ORuXtWYK.png,lampung
7AXWXSNB.png,jawa
jmxX8HMw.png,jawi
YUuHhUd6.png,jawa
tAa0zmPc.png,pegon
ZfFVNMVx.png,pegon
nQLF0ka0.png,sunda
ChUky7uM.png,jawi
pKuKNcjw.png,bali
7o7qZ7OC.png,bali
Dr4rOkbf.png,sunda
9x7GjAkG.png,lontara
p9iGAY3n.png,bali
zWNJN8BZ.png,sunda
iNQt94uH.png,sunda
DLvCMQSd.png,pegon
x9D690mi.png,sunda
dNfOrGfQ.png,lampung
luiWBdAH.png,sunda
e414zUvj.png,jawa
0ACAlV8j.png,bali
3OkdhLcs.png,jawi
Z1Vi06I6.png,jawi
6ASb1ye7.png,jawa
ZWrtcfSX.png,pegon
aZXzzlE4.png,lampung
oKJSW0IQ.png,jawi
RP2inEjd.png,bali
Hed1hS9o.png,sunda
zswlf4Cb.png,bali
NFZkQEDQ.png,pegon
znxrS2P8.png,sunda
nmC6Idyn.png,lontara
gxawh0TK.png,jawa
BhBiB6IV.png,jawi
k5fyQUD7.png,jawa
ZP5jwO68.png,lontara
LsoqvjwM.png,lampung
EM3HHaAP.png,sunda
poxYjw8i.png,sunda
gvKLbHmW.png,jawi
72zV8ZdJ.png,lampung
kyO5WFa2.png,jawa
7XIHQbwu.png,jawi
OhP3o2zs.png,jawa
7Y8VdQtv.png,pegon
14Lt4WlT.png,sunda
mMEs4Pfd.png,lampung
xgSE9Xiu.png,sunda
zVTNPC7I.png,jawa
PeOG4ZHc.png,sunda
17o1qT8X.png,lontara
drCAE5LH.png,sunda
0kwvlpcB.png,lampung
nFqrx6N4.png,jawi
kSeqJGGj.png,pegon
AAHD3elo.png,jawa
9GuOd713.png,lontara
Aba07xLP.png,jawa
l6Y04Z7c.png,pegon
LMpZdr6w.png,jawi
t78VlHzz.png,jawa
6CO12kU7.png,pegon
ooXBUwyI.png,jawa
GONtRSCK.png,lampung
uoCPA1IS.png,jawi
SJEewbEx.png,pegon
IHa5nnph.png,jawi
sccA221q.png,jawa
LUp6efKA.png,pegon
kIDzEL2h.png,pegon
AWQys8NS.png,lampung
DVj9IaKO.png,sunda
K7DtvknL.png,pegon
wPRaNdDu.png,pegon
nrUP68qr.png,lampung
pyUvFoul.png,jawi
NQffCDbt.png,sunda
uuGftqbu.png,pegon
CckPJb7Z.png,jawa
Dypm9PJB.png,sunda
GDBfMyEO.png,lampung
IVdwJZQ3.png,sunda
ygHC2ZR7.png,bali
FMWdLjyQ.png,jawa
gMB7ZxbZ.png,lontara
ZAHD7mxa.png,jawa
ukDsKJ3f.png,lampung
OB3iRUNP.png,jawi
lC4IAj5L.png,lontara
khr6z7Du.png,sunda
d8rZee19.png,lontara
6t4T5ksY.png,jawi
doyKEzrY.png,pegon
bEmLUrUD.png,jawa
YyHsTkhO.png,jawi
23T6iILy.png,sunda
JLxwAzQt.png,lampung
5LmqvSAX.png,lampung
56eCE5YN.png,jawi
cH4v16Zz.png,pegon
7UFwyQ07.png,jawa
oxZm2Vqe.png,lampung
HxWesQkU.png,pegon
oYjS4eR5.png,pegon
zxDXwlN4.png,jawa
1MfzpnrV.png,jawi
8hwaaNNd.png,pegon
TS3L4tju.png,pegon
wg2tRxri.png,sunda
ovuGKXXq.png,lontara
cL8mHH6A.png,jawa
yLzCJpjp.png,lampung
BKOqhUlL.png,sunda
v6YdGnIc.png,lampung
TVPCDzSs.png,sunda
EZ9cCQSb.png,jawa
rkj86slB.png,pegon
Rte1JQRv.png,jawi
kVtGI6hl.png,lampung
sTHnJw8U.png,jawi
Tzd7xYN7.png,pegon
w0v3rBXo.png,lontara
ZIcBrC5j.png,pegon
1G6OvvEA.png,jawi
plLqLBYJ.png,lampung
baXllJaS.png,lampung
m1olFPUG.png,lampung
oz6axggI.png,jawi
UEJoUsbW.png,pegon
CjHs9E39.png,lampung
edDms7eQ.png,jawa
x2pi1ou6.png,pegon
srnwhlHz.png,jawi
BsJtjRay.png,pegon
51zsiXdc.png,pegon
jVD7NbDr.png,jawi
8NRPBmba.png,pegon
iaqDOZf4.png,jawa
7IvsfeRf.png,sunda
RwdjyLdO.png,pegon
IULBi4IA.png,pegon
OKVZlDu7.png,sunda
zOs8P5Dh.png,lontara
MLkhv3D4.png,lampung
y1mF25Fp.png,jawi
m6pH5u0a.png,pegon
1eCjSdRv.png,lampung
h3Q2IyI2.png,lampung
4S84Crtb.png,lampung
wnz2exYX.png,sunda
M4OXWk2D.png,bali
cL4qmKGv.png,jawi
QeGjTguT.png,sunda
DC4c6f35.png,sunda
sGiLgxcc.png,pegon
EBV13Hjl.png,jawa
DS1JxWyt.png,jawi
Z8SISDUi.png,lontara
3CNJa08i.png,jawi
EbfVDAP8.png,lontara
DyUxWy59.png,jawi
4M0Nwwp5.png,jawi
I3DVYX67.png,jawa
Oe0T721d.png,pegon
3fFv55Cm.png,bali
xBv4KOmp.png,bali
KC67Copl.png,lampung
ME23SCfi.png,lontara
aMvUIy3k.png,bali
mELYhNJJ.png,sunda
HpFYoSfQ.png,sunda
FWFjTsEd.png,jawa
XmssUrOJ.png,lampung
mW43NDuA.png,jawa
riOjCDwK.png,jawi
akFfKAYh.png,jawi
mGZM9lCD.png,lampung
K1ZQIPH5.png,jawa
qX0skwos.png,pegon
7xLMjLHW.png,lontara
3Zc5SgJK.png,sunda
H6sPeZfX.png,sunda
TfcA21uN.png,pegon
oDjud9b6.png,lampung
hSZ0uUrp.png,sunda
4yPsF9g5.png,lampung
7QVe1Kty.png,pegon
xVgLcZP6.png,pegon
COIzDxwb.png,pegon
hltmihc8.png,jawi
Z0yt0BRQ.png,jawi
dl1f52E6.png,sunda
agf2gPrx.png,pegon
Kg9HXvrd.png,sunda
wFh3nZYQ.png,sunda
Rnck5swd.png,lontara
BuvOP2rJ.png,bali
kCBpYVbg.png,lampung
eM7c6GtM.png,jawi
NWXapYVA.png,lontara
ilN1fICp.png,jawi
5l4URRs2.png,pegon
atsLw16F.png,sunda
JuEWGehj.png,pegon
y3xd5WWK.png,jawi
G8BghqMy.png,jawi
lVxOtVbY.png,lampung
4kCwDtpp.png,jawa
b38LRCGl.png,jawi
N9oIyPsL.png,jawa
pcYhZYvT.png,sunda
cPMaUNIi.png,jawi
TciYeQri.png,pegon
q7CjdSfv.png,pegon
rF7sKHop.png,bali
C26KLenr.png,jawi
Q4QYE4BU.png,jawa
fpzWgjlW.png,jawa
ij195WeL.png,jawa
qfYf8tKY.png,jawi
5NWwjWMA.png,lampung
Q7Opp8OX.png,jawi
dmPCTJxL.png,sunda
W8VuhI9m.png,bali
lN1IKLWA.png,lampung
NGvGgWp9.png,jawi
fXO2nyNA.png,sunda
z8qPWOpy.png,jawa
gIap9isb.png,jawi
IXBkV9il.png,lampung
IV2Aggeu.png,lampung
5T0dm9Gw.png,sunda
DYPJP7vB.png,lampung
61qqT2ct.png,sunda
9NGLWxqZ.png,bali
azCvcMg1.png,jawi
AEAmXsnU.png,lampung
i4F7snc2.png,sunda
aQ1Y7rhp.png,bali
pOOwknRk.png,jawa
VslC5jqJ.png,pegon
0pPSuyux.png,jawi
y5Cbtm2F.png,sunda
E9J3vBKn.png,pegon
FhuLCH44.png,pegon
VCpiEglC.png,sunda
RJwKp6HZ.png,sunda
S00gQLIh.png,bali
XCUbpYDK.png,lampung
3SJi9u1c.png,jawi
W4IGoj5g.png,jawi
8zTiajrD.png,bali
737IAoMQ.png,jawi
zPEg8b0E.png,jawa
JaTQu1dU.png,lontara
YrppIPWq.png,bali
xwDtp9uR.png,pegon
yQAw47Kt.png,lampung
WyDE9uju.png,jawi
PqfVijU9.png,pegon
OrvM6Roe.png,jawi
7fsUqLBa.png,lontara
SajIieuj.png,lampung
eLB0euYJ.png,lampung
RsufypUI.png,sunda
5VChyH3A.png,pegon
c2bTNPmY.png,jawa
9PxgUxmc.png,jawi
PnrEr8ZT.png,lontara
ITCdN5NN.png,jawi
LaI51zEh.png,sunda
4H4iNRc7.png,jawa
QOb1UzES.png,jawi
TvUzfS0H.png,jawa
50c0r3ps.png,lampung
hcJHuAFS.png,lampung
htXV1bmP.png,pegon
Zi7oBpw5.png,jawi
Reb1WHXM.png,pegon
246owfje.png,lontara
VS6yVeFH.png,sunda
8aYwDbSZ.png,sunda
bnUv4te9.png,jawa
KsF4Awut.png,pegon
5OgZwMOW.png,pegon
NXbP65Xh.png,bali
3ETWdE3i.png,jawi
m2M3qymP.png,jawa
XBhBDg7i.png,lampung
tNpc1gKh.png,jawi
rqT0mwH9.png,jawa
5RxuUvWF.png,bali
n8BzVmHD.png,jawa
TCPubBtP.png,bali
uNk2Pji4.png,lampung
5axHk0Zr.png,sunda
tGmZuDbO.png,lampung
gt6VZEz8.png,jawi
Hl8xjNWf.png,pegon
3scxWpVY.png,lontara
WvI94pUL.png,sunda
NbbdoC50.png,sunda
oIpAiFAH.png,lampung
QWMhLpwV.png,lontara
qip5xtev.png,jawa
4Hl13bZr.png,lampung
7HLPSYjW.png,pegon
mdX822jc.png,jawi
pyLcaXqi.png,bali
Pcprtl5X.png,pegon
kIJmGBUy.png,bali
rgWX5DS5.png,jawi
88fSqUdC.png,jawi
5ZIdkyLl.png,jawa
jfaQydZA.png,pegon
yu5sWTqw.png,pegon
MKbKvlXR.png,lontara
8w719Fuc.png,pegon
BFEQiHsn.png,sunda
F5RCI0R7.png,jawi
cMrCrJe4.png,jawi
hm4t99w6.png,jawa
eEg8v7pe.png,lampung
8EFXc9Bv.png,sunda
3DZIpr0D.png,jawi
Y92rSZeI.png,jawi
nK5Xw7Ok.png,jawa
gem8TlXK.png,jawa
Hm6jG5tv.png,jawi
pqSczqTJ.png,sunda
FoPqbvuW.png,lontara
colIrVVm.png,bali
XBk2ktLp.png,jawi
y3ms7SWl.png,jawa
OZdxisi0.png,jawi
Sbzvd5lw.png,sunda
UiAgGtEp.png,pegon
hAM6bVeY.png,lontara
HTU0Ste7.png,jawi
aairpVWQ.png,jawa
lls24cVW.png,pegon
JrrZv0Mj.png,lampung
PzaDnQo3.png,lampung
YgJfuvE5.png,jawa
eZb2ZtKt.png,lampung
F4Kg8XJg.png,bali
CAZa9BgO.png,lontara
2m3rqCDG.png,jawi
jEB6CHLY.png,bali
2BozHr8h.png,pegon
VcYUUu2z.png,lampung
jPtFvwO7.png,lontara
vm58jOMz.png,pegon
SK6xvWLW.png,pegon
R8jgEFwX.png,bali
xXS2XH4i.png,pegon
CngA4I7x.png,pegon
dTEa72VW.png,bali
28OAL9lX.png,jawi
LuyjB9OG.png,jawa
qVFMoOke.png,jawi
qPce2RGC.png,sunda
zv8Cr4M4.png,bali
KIZGqQjz.png,jawa
GyjXydFw.png,bali
Uih4QEem.png,jawa
Kt7xAVCN.png,jawi
CqluRmji.png,lontara
FsXa5l7L.png,lampung
9bARLPHC.png,lontara
LaJ8FL8v.png,jawi
oorrLnPw.png,lontara
gmlr6Eof.png,lontara
NCEuKjzH.png,jawa
VrhmfdG0.png,jawi
ypZVyTo6.png,pegon
aOPj52gj.png,bali
uzi58X3u.png,jawa
4kQyqooN.png,lampung
iwsszKTY.png,sunda
AT1VUJWe.png,jawi
qlUG4Jrg.png,lontara
D5crw9Eh.png,sunda
L3z4sHgC.png,lontara
lJkj3cWg.png,bali
7LTx6oGx.png,lampung
2sDpVpnd.png,pegon
KieQI5a4.png,lampung
Dq4M6ybC.png,lampung
Yn3uXJfi.png,lampung
w2y8Anbn.png,jawi
dCWUGtVP.png,pegon
RiqofR4E.png,pegon
8PZnj079.png,lontara
8Qt2WSim.png,lampung
b2xNIOw0.png,lontara
xD4XITS4.png,pegon
9BSQ5QhX.png,pegon
lCltpq6D.png,lontara
r00LpDkq.png,lampung
GlTXu7cA.png,jawi
r3xoFgVa.png,jawa
W96OIvNn.png,jawa
VQ6FFF5g.png,sunda
4xdprXtz.png,pegon
biQSIzZf.png,bali
AMRJRWTn.png,lampung
F5HsHrxA.png,pegon
3necbyp7.png,pegon
RpDaRKgl.png,lontara
QgJlFUvJ.png,pegon
CMfOkE7N.png,bali
N0zFdcJx.png,lampung
wDH5SGF7.png,pegon
6mLt9FDu.png,jawi
ARLiptrr.png,lampung
Urgc99Vi.png,lontara
HCsDEZyW.png,jawi
KiN4Xswh.png,sunda
DLb6RNGo.png,bali
nhNqqDnA.png,jawi
mtXl8mWc.png,jawi
R7pKMBo1.png,lontara
qRSNxJfq.png,sunda
NghfO4TE.png,pegon
LmnJdurv.png,pegon
KJQ7rWl4.png,lampung
NC2gVhrY.png,lontara
rH2Ta1l1.png,pegon
61T38aM1.png,jawi
u4QWhZ12.png,bali
FTgJuERy.png,jawi
DXfvXCFf.png,bali
UOBuwb1F.png,lampung
EQP7zrcJ.png,lontara
RbtuGLbZ.png,bali
ecGsJaBX.png,lampung
NhmyLviu.png,sunda
nFdVIMIr.png,sunda
FU8GT4fY.png,pegon
qX7nwYZr.png,jawa
q6CMZbc4.png,jawi
XMD7q1GR.png,jawi
0ITDkFx7.png,sunda
UCwLYTVV.png,lontara
Uv89X7tP.png,jawa
J6eKKjs0.png,jawa
A0shgBFV.png,jawa
kTYLNsA7.png,pegon
jt0aqwhU.png,jawi
uVhC4zkl.png,jawa
ykq5P8mF.png,lampung
weY0gsNd.png,sunda
Pt87iRur.png,lontara
jyNtftnU.png,lampung
9rnjtGux.png,lontara
uNiCVHcx.png,pegon
gtuMHjua.png,sunda
tcTKMha4.png,jawi
HE7pRcW0.png,jawi
AzAcznHk.png,jawi
81peBbEt.png,pegon
IsKYcAfW.png,jawa
9w9yZM6a.png,sunda
3YAeVKBz.png,lampung
WEIlqzCv.png,lampung
8r7QEfed.png,lontara
MDmranpm.png,sunda
PbobTz7L.png,lampung
BIQwocMq.png,bali
C8UqnFBT.png,sunda
uJbEMswM.png,lontara
KNAz3Txi.png,lontara
ARR8vVuc.png,jawa
M1xPccTs.png,jawi
MU0ONRbm.png,sunda
MCLCT03C.png,bali
2GTHveOK.png,jawi
UuupgqNF.png,jawi
lS6hggH7.png,bali
PbY9aaYp.png,lampung
gINUEZn1.png,lampung
BRWBWS6p.png,sunda
oXoum2iu.png,pegon
GisEHIBs.png,lampung
pPtF9QzV.png,jawi
jWJqpHVn.png,sunda
HPsRFQ70.png,lampung
MspkLt7E.png,lampung
OcXPaFQX.png,jawa
ZwFEhG11.png,sunda
tv5yWT6p.png,pegon
OBt1d88Q.png,jawa
mtPw7KAc.png,jawa
9SU8z2Sp.png,lontara
Ps0KK5xx.png,lampung
E4Q7kqiu.png,jawa
7wCApGQb.png,sunda
mwfdU8Zh.png,sunda
hSx9m7SH.png,jawi
D0FcCsf2.png,lampung
QhW3ixlM.png,pegon
5gn5LIPe.png,lampung
dc2goLsE.png,jawi
bhLje3Zw.png,pegon
UH8nZWdp.png,pegon
mlld8SpK.png,lampung
3scCgTsu.png,lampung
fqcYkupj.png,lampung
8tgIt6fh.png,lontara
j64aPx62.png,pegon
GCruo3Oo.png,jawa
hL7dWS2v.png,sunda
3CZ1BtZ1.png,lontara
DpOtE8mn.png,lampung
QZb1mAUD.png,lampung
GyLie6rx.png,jawi
4KD0VpMJ.png,lampung
edgoS4iD.png,jawa
7M4esanM.png,lampung
6ukZAEGG.png,sunda
0uI1tH60.png,sunda
uMOVTeAu.png,jawa
VnIaOYNR.png,lontara
Tu8h12WA.png,bali
5icda3eD.png,sunda
u2EF0WTd.png,jawi
BRolDhp3.png,jawi
B0iW34dD.png,pegon
YhlCrFmw.png,jawi
S1D14EOK.png,lampung
xToYNeIh.png,lontara
jfElFM2t.png,jawi
xcbJEuDh.png,lontara
Qhu1V5WM.png,jawi
K6iwEcDq.png,lampung
dFwzIi06.png,bali
oWHzuoWc.png,jawa
qaGjkqFC.png,jawi
65cMUrwL.png,pegon
Yh37feWW.png,lampung
Whyt5aP5.png,pegon
ItjwaAmt.png,sunda
8zE4mFTK.png,pegon
TEozJLfy.png,lontara
vLiJDcfz.png,sunda
Uk3ZI18h.png,pegon
EPIYZUxI.png,jawi
7LgsHkzr.png,lampung
RCqAX1Io.png,jawi
mCzFqbmg.png,lampung
Wj1itnd4.png,pegon
Fm1h0g0O.png,lampung
clIFepEb.png,sunda
ItBpjENw.png,lampung
e2YrPgmV.png,jawa
qvCkZIBG.png,lampung
xSWRGy3W.png,pegon
jjo1jAHw.png,lampung
VJzTIvxg.png,pegon
GVbO54Uw.png,sunda
WNd8xBu0.png,jawa
Zlo7h3np.png,jawa
DayeYAQn.png,jawa
OAh447x8.png,lampung
6qouOsnF.png,pegon
wld2In9s.png,bali
T8BGnCHN.png,jawa
choTfLD5.png,sunda
Tqf4D8cm.png,sunda
L5RSkhHq.png,jawa
r0HP2SuA.png,jawi
ThJJuRUv.png,bali
pcOa3wc7.png,bali
X4TYuC8B.png,lontara
MXh4K5sF.png,sunda
bBDu0fNp.png,jawi
AnowqxVH.png,pegon
9oawNGqT.png,lampung
p9cyEgau.png,sunda
Nwgn7Wrx.png,jawi
li75D5Fn.png,jawi
9oqzs9qx.png,lontara
3Smk3AKE.png,lampung
pZr2kTaU.png,pegon
BvN0kAmG.png,jawi
TySgJYhc.png,bali
k6Y8OYmk.png,jawa
3MWDolhO.png,sunda
ZDdr885Q.png,sunda
72Yjhcyc.png,sunda
wXT8hD9f.png,pegon
yo273UE2.png,jawi
pFod0o3g.png,pegon
bnH2AFm3.png,lampung
v7LSyNtO.png,sunda
09PgyTT7.png,lampung
WBcXXpqm.png,pegon
0yqGos3e.png,pegon
bs0Ff45T.png,lampung
EeIu96l7.png,pegon
ZlRY4ayL.png,sunda
StwOtJ5l.png,lampung
waT5eupf.png,sunda
4Y3ci7R7.png,sunda
bInPjyOs.png,jawi
hjQtC0A0.png,pegon
jFVtkYg8.png,pegon
nKhcxWbc.png,pegon
Mq3oZQ6U.png,pegon
Ln46oUM4.png,sunda
JsVB4gt6.png,sunda
6apEDmLp.png,lontara
KC67Fli8.png,lampung
MIpEzjvJ.png,jawi
HPsdSMSo.png,bali
8Gt4pVBJ.png,bali
QBJfmn19.png,jawi
GCBUFSD6.png,pegon
KgWndiJv.png,jawa
EM1c15Bv.png,pegon
f94o8PoP.png,lampung
59izN5rT.png,lontara
aG2XPTqX.png,jawi
0OHll8pC.png,sunda
ByC0Ve0y.png,lampung
WhTrjObl.png,pegon
cXMWJr78.png,pegon
GZiSAu2S.png,lontara
SOJJClTE.png,jawi
SvkcCYTX.png,bali
w66oBlv4.png,sunda
dmoAMEXd.png,jawi
JyPFwqdG.png,lampung
5xVwAW8Q.png,lampung
Sfg7FrRP.png,lampung
HMj0rv6L.png,jawi
3dclfBcd.png,jawi
HWnzztNv.png,pegon
OkYLvrnh.png,pegon
VjqUxaLU.png,jawa
SuRtdxTJ.png,jawi
HpKembd2.png,lontara
kYFwV4Nv.png,jawa
Tk5EWo6L.png,bali
gqTLMfJW.png,jawi
yPagGO9e.png,bali
4s89bWS7.png,jawa
BXBQcwEv.png,sunda
5UciNQSB.png,pegon
xthiI2CI.png,lontara
W0C7TbrZ.png,pegon
iDFidsd3.png,jawi
egkTnE8x.png,jawi
PEjgpidH.png,lontara
biQBq90a.png,bali
XtFsaTdz.png,jawi
OMIFEEQY.png,lontara
9Q3zMmm2.png,pegon
mLWT01gy.png,jawi
wgakSBPA.png,lontara
vhQeU3Ux.png,jawi
m5srt8Iw.png,jawa
Adq28TYF.png,lampung
E0tP5ymk.png,sunda
fIBhv3nu.png,pegon
RLhRSMeM.png,lampung
tH9Q0Lh7.png,lampung
C9yQl4fH.png,jawa
Uh5IjS1j.png,sunda
cuPOZQqI.png,sunda
OKUAqp6h.png,bali
rjeI7UV7.png,sunda
mZFwTZRw.png,sunda
JS2rkA46.png,lampung
pSMo6WPe.png,jawi
N2lZSQx5.png,jawa
CAuoBmoO.png,jawa
U1wjyN6y.png,lontara
SBv70les.png,sunda
uHp6UQZq.png,pegon
T3IryATF.png,jawi
ess4Sdz3.png,jawi
EbMl7kzA.png,jawi
0aD9UElN.png,lampung
lq7Vlf8k.png,jawa
g6DmnHBa.png,jawa
AiX52esL.png,lampung
lyoeSEFQ.png,lontara
XNy4Q40j.png,lontara
lJvlTvSv.png,jawi
Xh9gVIKd.png,jawa
d8z061u0.png,jawi
22FxHCSI.png,sunda
LGurRAsR.png,jawa
RqAOJYws.png,jawi
73aL1wGC.png,sunda
GBb3BoJ9.png,lontara
XO3XgU7R.png,jawa
Rh0uVOyy.png,jawa
gdgHLFd6.png,bali
GHtlrUYI.png,lampung
0f1lpn3d.png,jawa
mu7kzU3n.png,jawi
4BngkObB.png,lontara
7jOxSLBB.png,jawa
u8ERg1Aq.png,lampung
BIgOWiYK.png,pegon
nBRxUToa.png,pegon
HulT4cSc.png,lontara
5MwC0ahT.png,pegon
omY5e6NR.png,jawa
m4z1XZzL.png,jawa
gZtwPFlK.png,pegon
0TuZaIlD.png,jawi
Ig4HKh3P.png,jawi
9gk1wWnW.png,jawa
JerWrcdn.png,jawa
nokLBlBV.png,jawa
Osuo0pom.png,sunda
x8DFOy4x.png,lampung
uWYxvBxT.png,sunda
NMovE2xm.png,pegon
DcJdlxEr.png,sunda
FF8sOiva.png,lampung
ADAom9mJ.png,lontara
Yt4OzZN9.png,sunda
GmFXJb6t.png,sunda
v0FFyutp.png,bali
uiS1QFaE.png,lampung
l4Nsqug2.png,bali
m6DGems1.png,jawa
6rm885ag.png,jawa
7lcf252t.png,pegon
qfECY7rZ.png,lampung
xUeMDW7a.png,pegon
56TjVnjr.png,jawa
Z8YPxggW.png,bali
vlNDLRTQ.png,jawi
0KrHrhrP.png,lampung
zGTH4Kfx.png,lampung
O251vEx5.png,lampung
8l8XVnER.png,sunda
qqEBaRIm.png,bali
75UrHFpo.png,bali
mqkxKMRl.png,pegon
XA0atqNo.png,lampung
yOsadVJ7.png,lontara
wUTYDkjN.png,jawi
JbdCqAec.png,pegon
HWc74HVc.png,jawi
xgcSZ6xH.png,lampung
tSXywCNi.png,jawi
8I5K4Vwp.png,sunda
rcrwfHkk.png,jawa
oujj5yKe.png,pegon
P53cua4K.png,sunda
CGYnRRuQ.png,pegon
eYwzh6hU.png,jawa
yxOMsW26.png,jawa
fXvWyXhZ.png,jawi
uykyOR2L.png,pegon
rQ2am2AA.png,sunda
Oc72U6LQ.png,sunda
5LPHfBsM.png,sunda
oiqsT9pU.png,bali
ktC2KcLC.png,jawi
mgdNKjC1.png,pegon
M7t9h9Bf.png,jawi
UmQFdXuD.png,sunda
xsXFBU8Z.png,jawi
XX8Lx1fB.png,sunda
3qYeWQ8I.png,lampung
azzecq3P.png,sunda
h0wRGTm0.png,sunda
6o2p2AQP.png,lampung
cQw5VDsP.png,pegon
PnNXAUVO.png,lampung
yrqGV9ey.png,jawi
A2ypxs2j.png,jawi
pS97ozmM.png,lontara
MX3Ji3AN.png,sunda
sOeWUyTx.png,jawa
WvH6ouf8.png,pegon
Zw5Gi9WA.png,bali
dviw4UoK.png,lampung
fWwtToyF.png,lampung
i2Id6uBU.png,pegon
lwmZCXrd.png,lampung
ynmmkTgJ.png,sunda
uKObRykM.png,jawi
i1avTO39.png,pegon
MbkPgDpw.png,sunda
shQ0PCF6.png,lampung
FdeUt4TM.png,sunda
WRuNwJ9Q.png,lampung
80XGkQGB.png,bali
ED8Ul1uF.png,sunda
2kkWz1MW.png,jawa
1Z9UOFIB.png,lampung
fzjB5XJq.png,pegon
o6Z7P2ZI.png,pegon
7f6Wz0RH.png,sunda
F7qxJI2B.png,pegon
pVqzh6dj.png,lampung
NOAcP1RY.png,lampung
1qCVrsWn.png,pegon
iMo0Inv4.png,jawi
U3beYWPb.png,jawa
059PtM6A.png,lampung
kdrgfK7L.png,pegon
E70NXbS8.png,pegon
2jUUlbAF.png,jawa
S7dihGqZ.png,pegon
mD5xYMgl.png,pegon
n1sF4wDz.png,sunda
4YUB17q1.png,jawa
n58RWMNv.png,lampung
bExhPDJN.png,lampung
ZItUwMcz.png,sunda
ZGb8xEWC.png,jawa
5D9e3p1c.png,lampung
4Bziklja.png,lontara
sR5RaBni.png,pegon
Dv9EQxtb.png,sunda
M4F2zReM.png,pegon
LRKYKRRj.png,lampung
LLCM9WkD.png,jawi
1cWpD1aB.png,bali
kGptILqg.png,jawa
hJ1ujoI7.png,jawa
DcnNqZAB.png,pegon
kgpc0efu.png,pegon
o0iRrIOt.png,jawa
NVagteoV.png,bali
yQQXOZTe.png,jawa
6NjbahYI.png,lontara
m10lIJRQ.png,lampung
qOLZPadE.png,sunda
gfZvoMRQ.png,jawa
B4iiSQwL.png,lampung
DwKPhBbx.png,jawa
797nxl4C.png,sunda
DBwqSh5V.png,jawi
jMM7yQDq.png,jawa
OaN8pLgz.png,lampung
oRGev7Pj.png,lampung
sySorHqE.png,lampung
d678THNC.png,sunda
1ZoygnsD.png,jawi
dPt2vSe9.png,jawi
trtlGlvb.png,sunda
epNdcG5b.png,pegon
pMoMzBFy.png,lampung
qvFKrvvc.png,pegon
IL6k5YxZ.png,pegon
AN66JpoN.png,jawi
IYtIiX69.png,jawi
E2pP2wiN.png,bali
8LkDxhjG.png,jawa
J0AoqRmI.png,jawa
Pasu0aPJ.png,pegon
luLUPmP3.png,pegon
68PWHspf.png,pegon
pStAr5VD.png,bali
BQ33bnD1.png,sunda
dBNh5W0O.png,jawa
gKQbxd8G.png,jawi
KDOQRyml.png,lampung
gQbkWEId.png,jawi
yhyEr1RP.png,lampung
aYNgcM0f.png,sunda
tdgyJpfL.png,jawi
xsjGKZnL.png,lampung
2Nty0u2v.png,jawi
Q2mAU4B2.png,jawa
Y9L6y8di.png,sunda
tVV2opg4.png,pegon
sUlJ3b4M.png,pegon
GxZEdfHi.png,lampung
yIPIIGol.png,sunda
eZTNQmBF.png,bali
C0IkdJZp.png,sunda
eTXJwT6K.png,lampung
bes2eX5Z.png,jawa
kjIsl2pl.png,jawi
zuQUBXtL.png,jawa
RT0gnzwq.png,lampung
8o7oyjiN.png,pegon
HZfSNxPT.png,sunda
8Z5Jq8rH.png,pegon
0v4qq5XW.png,jawi
2ZBjOq1d.png,pegon
flPFfY7h.png,jawa
R0tD3GLC.png,bali
1jidwbhg.png,jawa
vsb8JUb7.png,pegon
EQTwRXHM.png,pegon
K6DR3iOg.png,jawa
sc3HMDDu.png,bali
XymH4HZu.png,pegon
LZGykrzn.png,jawa
u8LCWuFn.png,pegon
YG6mY32I.png,pegon
QfRBydJP.png,jawi
5qLDYIHu.png,pegon
iZjPvhuJ.png,jawa
2IIFujRS.png,lampung
cf99gz99.png,jawi
DEIkWmiO.png,pegon
OCr0drxC.png,jawa
6kH35d5G.png,bali
43a7aA91.png,sunda
cspUemGM.png,pegon
grjRZ1Z0.png,jawa
bUajFn9H.png,lontara
xPC4DkMv.png,jawa
ELmNvfYZ.png,jawi
S09TwP8c.png,jawi
xbd4kNho.png,pegon
s9T4N9Bn.png,sunda
kBc7vPYT.png,lampung
GoZwAmhd.png,pegon
5sy0IqlF.png,bali
q8ZTSSwT.png,jawa
u3shIy6g.png,jawa
Z5w7vmQI.png,jawi
daESi0VB.png,pegon
YbpuyUsU.png,pegon
bbXBqn0f.png,lampung
0lZSWiRG.png,jawa
cIecrq0t.png,lampung
gGGmjyOB.png,lontara
ijH84Cp6.png,pegon
xeVyBGKz.png,bali
iIHgBVdd.png,lontara
eHc1UOgQ.png,pegon
pwDr5VqI.png,jawa
VWINUjz2.png,lontara
ib1lCQbO.png,lontara
ZqtbcfV2.png,jawi
lNPnnzqm.png,pegon
k2rxe91A.png,jawi
NMrdlQo7.png,pegon
M2q64lbf.png,jawa
cOzanMsA.png,jawa
tYdHZRBX.png,jawi
eNU0EsR8.png,jawi
MuLHSUc0.png,bali
MtqL4pnu.png,jawi
26L0JcuU.png,lampung
AV21BGRM.png,jawa
iMG0s3Gg.png,pegon
ZCxRZRiz.png,jawi
hBmPax98.png,lampung
HHln0Sjx.png,jawi
lSdRDE8v.png,bali
RIf4QYAG.png,lontara
LSTWnSJd.png,bali
jlmvgfF8.png,bali
9cJ8Ej6R.png,lampung
1PnElars.png,lontara
ujt91Wpp.png,lampung
3yroYsLm.png,bali
OKBrFb5M.png,jawi
RU4Of5AH.png,sunda
P4C9gxu6.png,pegon
dcERMNmL.png,sunda
2YQgsrfv.png,pegon
atmPZeH2.png,sunda
T7HaNv1C.png,pegon
K6hxCaSv.png,jawi
XUmC1yK4.png,pegon
GToDW9I6.png,jawi
Dwp2FbD4.png,lampung
yRpkDAc3.png,pegon
9cIOMiyV.png,pegon
m1sjAz06.png,sunda
l3OOvh8D.png,jawi
HVqjDdC1.png,lontara
Wja7t8qL.png,sunda
njpc61Tc.png,jawi
Hqycc2CT.png,jawa
C9VIsuaS.png,lampung
XykiCcpX.png,sunda
23UsjIFW.png,sunda
PS7oATYv.png,lampung
ac4ubKtd.png,pegon
XEQnxKcm.png,sunda
cAQEsVYR.png,lampung
SZ9LQmqY.png,pegon
LukX9tq6.png,pegon
Efwr5sOB.png,lampung
RiNmRhtU.png,pegon
nSQXg4FB.png,lampung
YU8YA3YJ.png,jawa
BgQgYvyv.png,jawi
n0goOgWX.png,jawi
LLEk1YwU.png,bali
rxGEmp9R.png,lontara
DMe5Qo5t.png,lontara
7e5SDrQc.png,pegon
kRaC7T9p.png,sunda
RA7amfiN.png,pegon
blroylyC.png,pegon
O4HONI6U.png,jawi
Prpg6SHF.png,pegon
5xAtC0hx.png,jawa
4nsHCHSl.png,sunda
zIV981UN.png,lampung
G3TVEyQd.png,lontara
lJgEV65w.png,lampung
A1po3O1I.png,sunda
pKc8oV9J.png,lampung
kaBJEVY7.png,pegon
iPcR88Bu.png,lampung
TAwQPmKK.png,bali
m3RD1Uea.png,sunda
Qm8EqPi1.png,sunda
3R1NnJ2M.png,bali
qvD8eEw6.png,jawi
ZuK9AqqP.png,jawa
THKOEWlU.png,sunda
plrmS1IF.png,pegon
ujuGmRMT.png,lampung
mm9pn7Vs.png,bali
RKhiIoay.png,sunda
8RIVRVHB.png,lampung
xqoS2z2l.png,bali
0Mqyoa0J.png,jawa
bEJQ1vj1.png,jawa
z7iw4JpX.png,jawi
EpLn7vnH.png,bali
BbQr3FWQ.png,sunda
zevghPYp.png,jawi
mT2iYZyD.png,sunda
50O7OeXb.png,sunda
DehKXjv5.png,jawi
Xv5QW3Bn.png,lampung
epouWi6u.png,lontara
x48NC7aN.png,sunda
8dl6bE8B.png,pegon
W8NBCUdg.png,lampung
UlIFRgag.png,jawa
cj8TpDsB.png,sunda
AWXZHp1g.png,sunda
WFkzTDFm.png,lampung
IarP7qkC.png,jawa
2cYD7bZ1.png,lampung
im2D0ANs.png,jawa
0ftw03VZ.png,sunda
1I7rUP6e.png,bali
w5N9PNNM.png,sunda
7bEtcJPy.png,bali
6aJKT0P7.png,lampung
b0iF2CTT.png,bali
s9oq8par.png,lampung
LUx7dvO2.png,jawi
YxT1dmdU.png,pegon
u0PADPRw.png,lampung
WOAnI1fQ.png,lampung
V0wGX7R5.png,lampung
fn4GBxFC.png,jawa
SjkR6t00.png,lontara
J72xRpsc.png,sunda
dTigy80v.png,pegon
nVUslhCN.png,sunda
SLGwgWFQ.png,sunda
Y9D4HCzf.png,jawi
d0wmXGuX.png,bali
49NlPn8c.png,lontara
I1iNKefb.png,lontara
gkQ3Trdr.png,sunda
t9P2hrm7.png,jawa
Z07mfggm.png,jawa
bPGE2YMF.png,jawi
4xNkMaCQ.png,pegon
YeStTAvC.png,lontara
D8HdQiKc.png,pegon
nu7G4Chv.png,sunda
OeRKJdnU.png,pegon
7gy3Gwq7.png,jawi
9sa6jMzg.png,jawa
xrG1pW5S.png,pegon
rNO2oAzW.png,lampung
SsPHh4iO.png,bali
vrWwsRe1.png,jawa
61TvBL5y.png,jawi
tC8RdOUI.png,lampung
iXgnXmCv.png,jawi
AquaWOXd.png,jawa
XDfhsgSy.png,lampung
FgYxZOa3.png,lontara
0Ukpy0Kf.png,lampung
RuPBy7VZ.png,pegon
OjDOwjqM.png,pegon
Ada2YK3y.png,jawa
TelalwGU.png,lontara
1c6UAk1c.png,lampung
0Fnt59Vz.png,sunda
myShL7j9.png,jawi
EM0XL13M.png,lampung
PJ2U7yk4.png,lampung
fRlNket1.png,lampung
xVNy6WDB.png,bali
g1bd6NUz.png,jawi
vKycnJKI.png,jawi
UQ9GdfEO.png,sunda
8GThUUUO.png,pegon
XcIHwaT1.png,sunda
rcng3F5f.png,pegon
PMJRPQyR.png,jawi
SJL3X7Y0.png,sunda
C46zcu85.png,jawa
hvuEmRkR.png,sunda
UPj7Gnlx.png,jawa
uJnE05N6.png,pegon
jhH8YdVc.png,lampung
Sb4HWpn3.png,lontara
xk33jPo0.png,bali
8IrRKvHy.png,lampung
rVCSJAyv.png,sunda
PYCZJLbJ.png,jawi
nwnFLx6R.png,bali
P6nBlhaM.png,jawi
sDWo87at.png,jawa
PFR2LDKO.png,sunda
gWDS8N5H.png,jawa
S8uGoORP.png,lontara
BpGpjYF0.png,lampung
3a9MYErr.png,jawi
batkgbdv.png,bali
ER2A9fSF.png,jawa
CgZjCQON.png,lampung
ReC2eEDA.png,jawi
xeJzXY5B.png,jawi
McCfOUNp.png,jawi
n03TIbyl.png,jawa
PhimTfpf.png,lampung
QZRUqCbn.png,lampung
9AfCzfed.png,jawi
dANvAuQJ.png,lontara
cKT5gNGi.png,jawa
wVpJ4Ksb.png,pegon
2voeAlO4.png,sunda
W1A89xhz.png,jawa
fFgy2ohG.png,jawi
b36W5nAj.png,jawi
qj68JNG7.png,sunda
Pol4mIJm.png,jawi
o3vW7R22.png,jawa
tma1E03Y.png,jawa
JPIHFIHv.png,sunda
SrGQvlZs.png,lontara
SkMGfMVR.png,pegon
9OvEH7GZ.png,pegon
B0ML6i63.png,jawi
Jd49MCkK.png,jawi
BhiuLRr2.png,lampung
f5CJwsoy.png,jawa
IvZc4Sdh.png,sunda
FOdcokqD.png,pegon
kRtSXqLd.png,sunda
YD84yjTo.png,lampung
zZWTYVDs.png,sunda
Q5JIWaRr.png,sunda
FGZPmG6z.png,pegon
ScgQLc8D.png,lontara
P1UDYiv1.png,lampung
bopiDX32.png,lampung
4DIcWLzw.png,lontara
oeKuS0iB.png,jawa
8u3hqe7I.png,pegon
KkGKRr2y.png,lampung
mX3qZV7e.png,pegon
A5hU2GMk.png,pegon
w3X46HEf.png,jawa
oexmhpcS.png,pegon
HTMqSPls.png,jawi
6B4oZNfJ.png,sunda
wBpmXjhK.png,jawi
TSEYmX0S.png,jawi
L0Juo7fR.png,jawi
Jyq4821x.png,bali
r7niaR1S.png,lontara
iV9G3QQ5.png,jawi
HPI2fQm2.png,pegon
p1IJ0qTz.png,jawi
XHqLRFdE.png,lampung
WayzUyFj.png,sunda
L93wkrK9.png,lampung
QqGP86DM.png,bali
COzWzODR.png,jawa
b4PdMTZm.png,bali
wOKSxgCq.png,jawa
9zlvJPqL.png,jawa
rPC2TpLe.png,jawi
qfK8vURv.png,jawi
7Ml5XS4z.png,lontara
ebXNIFT1.png,jawi
sobv0K9w.png,pegon
B3Uzmx2u.png,pegon
WdqvNonA.png,jawi
CYjoiiyF.png,lampung
EiNupSzt.png,pegon
E676oAV2.png,sunda
20MoMhPH.png,sunda
Ab22crV3.png,jawa
Oom4Ri7W.png,lampung
x6FVJaHo.png,sunda
HZoHXGoI.png,jawa
12NFsfvW.png,lampung
AJoAFYv5.png,lontara
UIHMlYRz.png,jawi
ZbgO4G2N.png,jawa
IZEsqdCg.png,lontara
yDsXaVgR.png,jawi
VkONWqm7.png,jawi
7A2Pn7qW.png,lontara
c9VKGxzS.png,bali
uDscbKnV.png,lontara
5heEVSyC.png,jawi
XjGWFKhm.png,sunda
Eqwx3IHd.png,lampung
0P1hIel1.png,lampung
ToSitrhF.png,jawa
3VXwC5jJ.png,lampung
PO6LvZQp.png,sunda
qav5tzTB.png,lampung
lNaf1aVv.png,lampung
7X5DiQmo.png,sunda
SleF7V4N.png,pegon
t1cjdbyf.png,lontara
5PU3ryc2.png,jawi
g2SPiYaE.png,pegon
0uNG9MOR.png,jawa
kdPdi24C.png,sunda
1MZvCh9m.png,jawa
YKYBiiRR.png,pegon
zqiAz26W.png,lampung
9ve90UkQ.png,jawi
KE0WtNU8.png,jawa
Byr7ii9D.png,jawi
o6N5YFs1.png,pegon
l1rEYcq8.png,jawi
ZMeNL381.png,lampung
CDwQGzvG.png,jawa
cXOBfe2u.png,jawi
7xQzu2j4.png,sunda
kva2zkfH.png,jawa
BOPEBHv6.png,sunda
GcreyZHm.png,jawi
p4RDClb0.png,lampung
kqcAF6E1.png,lampung
Di1LVOfS.png,jawa
jVi5Nb7h.png,sunda
E5nhUlQh.png,jawi
glvK8cNb.png,bali
P5snCxhf.png,sunda
61rDkiji.png,pegon
Z5bSFyOf.png,jawi
3J7A8qQP.png,jawi
iZMgMYvK.png,lontara
lx8tklFP.png,lampung
ySybxgAu.png,bali
Y4ZGNvzd.png,jawa
0YzvqTf5.png,pegon
BX4Gd0C8.png,sunda
4Fb3DX6F.png,sunda
X8k2ijN8.png,bali
NcDD6Utt.png,pegon
PpwnF8FG.png,jawa
Sn7jOspj.png,jawa
HS2aQ0lU.png,jawa
Eco1bIur.png,sunda
LlpoHffP.png,sunda
YEwagQyt.png,jawa
0QcoNbRP.png,lampung
pZuH1skD.png,pegon
YvfGyT60.png,lampung
O02qHFJp.png,jawa
acAkBpv3.png,lampung
Yvcs9HB6.png,pegon
rb2CRqXi.png,lampung
GcptziN8.png,sunda
OHpU8dNA.png,lampung
2tho3hUr.png,pegon
fePNcogx.png,jawa
kMQswzFk.png,bali
C85hc0yt.png,jawi
nm4GCtyx.png,jawi
PI0eRyZg.png,sunda
2nKDXWhA.png,jawi
oP4vfjOb.png,sunda
7W7HsLgF.png,jawa
02DYtVWP.png,lontara
mktAKEwW.png,lampung
HgSnbbkJ.png,lampung
awFahb4j.png,jawa
4z4JdlSU.png,bali
a1T7i5bS.png,sunda
X2JsrHDz.png,pegon
YhXpdjPd.png,lampung
h9dwI4gF.png,sunda
2dxjNC37.png,lampung
7fghRvc5.png,pegon
DQv7n1Bf.png,pegon
yUVMO5qG.png,jawa
9AsvKW1J.png,pegon
etug9r3Z.png,sunda
0H3Zkne1.png,pegon
IN1nF6WT.png,jawa
ccgEAW9z.png,lontara
pd0hSGlV.png,jawa
tV9bZAYg.png,jawa
SUO3xFYL.png,jawi
LSquDGzT.png,sunda
FhWAfPJx.png,jawi
j3oMsNPD.png,jawi
lItSF14C.png,lampung
Xg2eO0k1.png,lampung
LH6ovCsu.png,jawi
BALJdZgw.png,sunda
04PfhVTQ.png,lampung
hbpn5DX8.png,jawa
sgXdypIF.png,lampung
rOOIsx5n.png,sunda
shtopeyt.png,lampung
eFl19t80.png,lampung
f7nqO3pF.png,pegon
MUfGVCIU.png,lampung
dHPVnl9Q.png,sunda
tksmmWqQ.png,jawi
sJGYM03J.png,pegon
emXgyRJo.png,lampung
U1s9G7Di.png,jawa
WCYhx674.png,jawi
exNra58b.png,sunda
4kSSKwSN.png,jawa
BvkQ45Bi.png,sunda
tZ8LPVl7.png,pegon
5g7dkMFx.png,bali
OcJYXu8h.png,lampung
rVhhFQxW.png,lampung
njX3Bz82.png,lampung
yZdJUHlj.png,pegon
x2hMHc7Q.png,sunda
uAhwermm.png,bali
lHxQlWlC.png,lontara
rT0HTsz2.png,jawi
2gPZaPKD.png,jawa
vKAoPzbw.png,sunda
GG4HgU5v.png,lampung
aBxxQmvp.png,pegon
A7D61LYF.png,lampung
Fm4IAN3u.png,jawi
9wE2HCGn.png,pegon
gpadO4eH.png,jawa
YmLUVboM.png,jawa
aWWTw2IR.png,sunda
DP6BeDHW.png,bali
Leirld31.png,lampung
1qRFx2hj.png,jawa
w3r8sBgG.png,jawi
H9XUnFss.png,jawi
tJFmzNpq.png,pegon
MtyKyDPB.png,lampung
imHxH9LE.png,pegon
X9M6unC2.png,jawi
itUUFN3Q.png,jawi
RDnJI8Y3.png,pegon
8K7JiWvC.png,jawi
28451IvI.png,sunda
UczBR3oQ.png,jawi
6cAiELGU.png,pegon
EBpwJQBl.png,sunda
3KOZEeBl.png,lampung
1zpoKMml.png,lontara
oYBCH1GC.png,jawi
upZHwPDf.png,lampung
eLAnsMOh.png,lontara
A4HV9PhM.png,jawi
dc7ZRPdw.png,sunda
AGwnFjLN.png,jawi
Is6GuW1e.png,jawa
ckmJ5Zh7.png,jawi
dq7nTl0e.png,bali
mPJNIb5k.png,jawa
v7lLWHZx.png,lampung
4Tj9ZWRb.png,jawi
zgMeaHhA.png,bali
axEX9ABC.png,lontara
j5qTiOvR.png,lampung
TDteLaT9.png,lampung
Jigrj2ce.png,bali
eb7k895p.png,jawi
1LxX81mj.png,bali
xICf64rF.png,pegon
arkxsJRf.png,sunda
i75qBwst.png,lontara
Fx6l90YI.png,lampung
wHFKCRPA.png,lampung
kdtuMKPy.png,bali
l0XxNeyF.png,jawa
zznGiaxO.png,jawi
T14TZPIy.png,bali
jCVF7HEX.png,lontara
0nw4BPDn.png,lampung
BbHr3HZ4.png,jawi
rkMxZpwm.png,jawi
JNBuhPOK.png,bali
2sXwORX2.png,jawi
iqFhjcUT.png,jawi
BniRWxRB.png,sunda
ZmqrOrNr.png,pegon
bUXrN0U8.png,pegon
nK3FBC1w.png,lontara
GsxM4bFc.png,pegon
NpQUxi6c.png,jawi
YAkk8vKD.png,lampung
ysGnFqst.png,pegon
JLFSRDWk.png,jawa
pGcD8YAY.png,pegon
n1ZnQWMO.png,pegon
u078a3W0.png,jawi
qLsMsCEl.png,lontara
h1RI2nKU.png,bali
IQEADn7h.png,sunda
uAfUeweZ.png,jawa
W4GY91uz.png,bali
MgoJx2Oa.png,sunda
b5xt7pZq.png,pegon
94x3hWHI.png,lontara
hyvpwsX6.png,jawa
MyTRcJHD.png,jawi
d7ZOdmAy.png,lontara
CTEn69MB.png,lontara
t9UPPpWZ.png,pegon
8vmrVMu8.png,pegon
j7soiotf.png,bali
muW5KoG3.png,lampung
sGLsCJIC.png,jawi
HQ2DS2YS.png,jawa
H2k75epr.png,pegon
HoKcpTr0.png,lampung
I23QhO2e.png,lampung
EEZZRHHH.png,jawi
SuaqlWxd.png,lontara
VWrbux1J.png,jawi
oX8t4Zyy.png,lampung
KGpeYuie.png,jawi
kBsdC0HT.png,pegon
DtfTQIO5.png,jawi
zgetwW0o.png,jawi
62vNYalX.png,jawi
B4fqSHPu.png,sunda
AloU5wrU.png,jawi
W7inRCRn.png,lampung
9OxMniUz.png,lampung
pF5Fh9Rh.png,bali
Jrzj22qi.png,sunda
F5cfJph7.png,jawi
crMUj9Kn.png,sunda
RHBmMx0H.png,jawi
v7fdXPDg.png,bali
pRUGvPz0.png,lampung
sc2LvWid.png,jawa
BOZewUVQ.png,pegon
OTxywEdt.png,sunda
x6dPrUoK.png,sunda
8ccd1F1S.png,jawi
Vp5mBHzS.png,jawi
ftcakUxV.png,jawa
4xefokN3.png,pegon
H6ZRsQu8.png,lampung
IWyH8LvJ.png,jawi
4igjENk7.png,sunda
gaQknjRR.png,lampung
wbwQ6MTj.png,jawi
SIG8yqHx.png,lampung
cbI9LiaF.png,jawa
JPNSDZoX.png,sunda
v3cybtJ1.png,sunda
0jYWoewl.png,jawa
1WOFPF9H.png,jawa
ZXrsChlh.png,jawi
2en4TJss.png,jawa
cD3Wqn9l.png,jawa
Yl9avIpY.png,lampung
XJqivw43.png,jawa
xkNiimIN.png,lampung
Df09U554.png,jawa
vQEibfvv.png,lontara
hq5oPrmk.png,lontara
nVqgEdbh.png,pegon
c1yd0RVE.png,lontara
G7TQAlfi.png,pegon
lI7FCFD5.png,pegon
7YFTMLMv.png,bali
THUF76V1.png,jawi
OTuFIECD.png,pegon
UsGI8WVt.png,lampung
s2AHtMKY.png,jawi
CpubJj5Q.png,jawi
riJDxPPG.png,lampung
1kFURWTM.png,sunda
XFOlPGr7.png,pegon
JIoIseGk.png,jawi
dFOJ1lEp.png,sunda
McsUT6ak.png,pegon
LkYARhlE.png,jawi
c3oMeXAl.png,lampung
ShErqnVm.png,lampung
JtE40mxy.png,sunda
3Wpj1kDG.png,jawi
dPiJAaut.png,lampung
1av2rXzj.png,pegon
gnI8HK3N.png,jawi
voBbJjsu.png,pegon
3RYFvMxk.png,jawi
eTUlor2N.png,sunda
F9EmOnBA.png,pegon
vtd2XfRi.png,lontara
rxrM0VVY.png,sunda
HCaNxSv4.png,jawa
IYJUQs5I.png,pegon
pd598Yh0.png,lampung
cLKYljrY.png,lontara
6NdRB2nV.png,sunda
ds0Rv5xS.png,jawa
brqdgVPD.png,lontara
uQLRpKXK.png,pegon
gzyGOVh8.png,jawi
FLHb8XJB.png,bali
bA3iWpOg.png,pegon
0XCagPaE.png,jawi
5uv6JUan.png,pegon
414RfzXR.png,sunda
CwbuYXxg.png,sunda
QWSRVDwn.png,lampung
Qc8uSini.png,pegon
XI2R8ol5.png,pegon
i6b1YQ4r.png,lampung
84DfqWgd.png,jawi
x7ShvsGP.png,sunda
E2uBfVBi.png,sunda
nwSCCwZr.png,sunda
T35q0PZp.png,lampung
gzDH2vzH.png,jawa
dHz1blrq.png,sunda
9oT8UBFI.png,sunda
6oFYlbTP.png,jawi
Ayl0Cxsf.png,jawi
sFdSmnk6.png,jawa
ONiwXzzt.png,sunda
Uam1Sq5X.png,pegon
2reUMd07.png,jawi
IDALtTMR.png,lampung
6oqTLoLG.png,jawi
C560HZz8.png,sunda
MJNAGd5O.png,jawi
ghEez4Xn.png,jawa
Ly2x1SVN.png,pegon
W8uk8UMu.png,jawi
mPQYAKjp.png,jawa
ph4MtWkM.png,lampung
36loPqHi.png,jawa
FBfNUjwK.png,bali
oXtKmBof.png,lampung
Al1AfgUr.png,lampung
6YJTysvv.png,jawi
5y8VTWyd.png,pegon
OSsYOVRr.png,lampung
ZLZn3Xov.png,jawi
coMzfmwZ.png,jawa
PE2ZjPoR.png,pegon
sOdkpLe0.png,lampung
GvmnY2VG.png,jawa
cGXyHtmN.png,pegon
hXecLNMW.png,lontara
nBQqkb60.png,bali
CgjxyJdH.png,sunda
w9q2mv5g.png,pegon
ORErAxhx.png,jawa
DxLwayyz.png,sunda
eS4tgJHt.png,sunda
8eFU9TTt.png,lampung
WJkCD5kR.png,pegon
G3HhPZ2f.png,jawa
6F1ibKfQ.png,jawa
XC37crB4.png,lontara
6OyKP4IH.png,lampung
a9XlM0Z7.png,jawi
RssLf77r.png,bali
1hOmF0YQ.png,jawi
4TltEvq8.png,jawa
6UYoKDZ6.png,lampung
bboHMM0A.png,jawa
QfST9lXl.png,jawi
IOBbsUM1.png,pegon
L7N16G72.png,jawa
VwTtEX0w.png,lampung
bdzUVoLO.png,jawa
12mmzZbY.png,pegon
DednrmIG.png,lampung
MiYLtRLS.png,jawi
0m8t0L4t.png,lampung
75wthis6.png,lampung
32gH0L0s.png,sunda
cmDUid0q.png,bali
nFajvoB2.png,lontara
IOn7guJI.png,pegon
vf2HEIyC.png,lontara
ZYhj7oYc.png,pegon
7EaH9wE0.png,pegon
ENjkRnaR.png,sunda
XjiKh5tf.png,jawa
GR3qDnPC.png,pegon
NmwnQfhc.png,pegon
1viQr3tN.png,jawi
CW81QpRG.png,lampung
RluBIiB9.png,sunda
wRLOMMV3.png,lampung
VLM3wkyT.png,bali
76bpCV3M.png,sunda
aC5zUSwR.png,lampung
rQwE3JYn.png,jawi
lT9zzUxe.png,sunda
bRzorzsu.png,lontara
rv3ENLzD.png,sunda
ha0P8KEw.png,lampung
mcIVaq4D.png,pegon
43ik68b4.png,jawi
LSqbBLvA.png,lampung
Fth67jes.png,lampung
XcQdzXON.png,pegon
gpFB2Qug.png,bali
z9hZinrs.png,lampung
KmE3Wlau.png,bali
NrqzlVyU.png,lampung
v1OXeYbY.png,lampung
vH44rVnp.png,jawi
2O9Ur6gz.png,lampung
R9e2qcfn.png,jawi
iCmbW1sw.png,jawi
3MxNQtm5.png,jawi
oqlvsrnX.png,lampung
PzX2M3G2.png,jawa
yDR0cIaR.png,pegon
kftFuQq9.png,lampung
0RiP6KqR.png,lontara
sLSwFakS.png,pegon
KuS7PBkd.png,lontara
NhrxEqrx.png,lontara
5H1E66iM.png,bali
DB2MdSy4.png,lampung
45sh6S6Q.png,sunda
EgX2GsDV.png,pegon
kXGR083b.png,pegon
9bVjvl0u.png,bali
DAgn42QO.png,bali
GjMPrJGz.png,pegon
b8cnvvu8.png,jawi
qGcnVLcm.png,lontara
lOcnNeZw.png,sunda
eemuu6xU.png,pegon
cuWgXYUS.png,jawa
iw4tUgjA.png,lampung
F8SiVy51.png,lampung
ZmOhoW6e.png,jawa
0dNfMpe1.png,jawi
kC9uGruF.png,pegon
BVsPJhHR.png,sunda
mvKHuGol.png,sunda
o0ZwMu7j.png,sunda
YSPUPyxu.png,lontara
dMM5L69S.png,pegon
ye30tNQg.png,pegon
C4MIcKJr.png,jawa
71kFaMc8.png,jawi
gZ41g6MA.png,pegon
bzwyPpve.png,lampung
pZUAPSJA.png,jawi
Hi3AF3CP.png,sunda
KrLMWMAc.png,jawi
5JvmYh2g.png,jawi
YXSk9d0A.png,jawi
49ZhHNj5.png,jawa
yyOXAE0f.png,jawa
TtWbyema.png,jawi
WSslc905.png,sunda
RE7R177P.png,jawa
uiJy4jPH.png,bali
AKu7qEnb.png,lampung
cQiK0vQy.png,lampung
dvNQ3ewl.png,lampung
vlDt7fuJ.png,jawi
YGpRlb2B.png,jawa
pR0Zg6U7.png,sunda
7qXUDvRu.png,pegon
FFQQz1vB.png,sunda
5uxBeNlb.png,pegon
SyjbN73A.png,pegon
46ZG2NjH.png,jawi
iynQhyGG.png,jawi
bwhFMiaz.png,lampung
vV9417f5.png,pegon
vKlBdN8b.png,lampung
mGfhjFt9.png,sunda
zgatQJ4l.png,lontara
NufCsFkJ.png,pegon
O6Ox0y1L.png,jawi
xFqN4S6v.png,jawi
4xS0BQgR.png,jawa
ayADa7k6.png,lampung
C3yekTBn.png,lontara
FAOJrTap.png,sunda
1gxToQFA.png,sunda
F2v1iesG.png,lampung
vYq142ou.png,bali
rTJxCIqL.png,bali
mduWqzzz.png,pegon
rmZhQS9q.png,lampung
mNXHJrev.png,lontara
v9ofqRgM.png,sunda
sMZ3LgWZ.png,lampung
s6wIepRp.png,jawi
etoxWnSY.png,sunda
WbigaXJX.png,pegon
gASYrxoX.png,lampung
b4oa4t2p.png,bali
sG7nx9ug.png,jawi
nZz5GTFx.png,jawa
3qxUBEL3.png,pegon
Sc1E0PWO.png,bali
QevzLRx9.png,sunda
rEHekt8u.png,jawi
NmTdsc8i.png,pegon
Ca48TFM7.png,jawa
En1n4yVd.png,jawi
36447OZJ.png,jawi
PQ7tQnAM.png,bali
NhygCNL9.png,bali
JY8Uvmvl.png,lampung
PPnGaRFq.png,jawa
aL1AGw95.png,lampung
ZQ10R4X7.png,sunda
n6DIOWKo.png,bali
uAxYAGo1.png,sunda
3nvzHYWb.png,jawa
ydc5sUGE.png,lampung
cOdlpeVb.png,lampung
hdsN1XOa.png,pegon
rrhaheQQ.png,sunda
eFUZ8YM2.png,jawa
UlbU8tco.png,jawa
xsXKliZV.png,pegon
0rtVmmOT.png,jawi
aR2WPQJu.png,pegon
iOZbfNcT.png,bali
2OAO8C6t.png,sunda
k7TdTaMt.png,jawa
UTc4vdz9.png,lampung
EdGbbA02.png,pegon
h5H6NqO6.png,lontara
YxPGjHyZ.png,jawi
p8X7oSYI.png,lampung
cfXrWE4c.png,pegon
B5DSxU5r.png,jawi
EnUYrMAf.png,jawa
xLdIJBXr.png,lampung
fIWaSrgY.png,jawi
gO03AO06.png,pegon
zskvPSAE.png,sunda
oVWNNlH7.png,sunda
paMynPIk.png,sunda
ptje4qo0.png,lampung
kN2rnpGP.png,jawi
m30LdfDy.png,lontara
JZUSl78s.png,lontara
0ApdsSMW.png,lontara
Ykl4KMa9.png,jawi
XA2ABLx3.png,pegon
K69kKyy7.png,sunda
lMvNQwyo.png,sunda
ajCjSP0w.png,pegon
tD8TKu1R.png,pegon
Muy5AGQx.png,sunda
Ib8wHogP.png,lampung
tuZpurDO.png,jawa
9Z9TXz5C.png,jawi
fMmXzde8.png,lampung
J6jjni5b.png,lontara
wutMT2KP.png,bali
ONFMyfa6.png,pegon
wsGNlTEQ.png,jawi
LjRL1Uov.png,jawi
osf2Mk0K.png,sunda
1NqJWig6.png,lampung
PCZDWvIz.png,sunda
BJ4eecVX.png,jawi
qo0uaHR5.png,lampung
2GHdL2HV.png,jawi
SfIcy9Tu.png,jawi
r9GP4bHW.png,jawi
zNbRh2MA.png,sunda
OXqptRlB.png,pegon
QbWY9V0R.png,jawi
KnW4o205.png,lontara
VdLNM3W8.png,lampung
vozWXLY9.png,jawa
YRGBTkWW.png,jawi
qPq71xlg.png,jawi
GCNhsDdJ.png,lontara
H29ZjFhk.png,jawa
lEQ3UriU.png,sunda
btYCjMRA.png,jawa
6fFxulAC.png,jawi
dmEVIQ3O.png,pegon
7RtpHWlV.png,bali
LozqxAEF.png,jawi
LEprC7pY.png,pegon
VSr6yCsj.png,pegon
cPg5LwT0.png,pegon
0ZwPS01z.png,lampung
JsrK50F8.png,pegon
cKzqxLCy.png,lampung
QfpGMR0P.png,sunda
y1n9NcQ9.png,pegon
RchftR0f.png,jawi
85kyULwF.png,jawa
kQsXuJdo.png,lampung
71GVof1z.png,pegon
0Z2Jjwaj.png,bali
BtU4g1Hx.png,jawi
Z4LPxXBc.png,bali
l6nrGYt7.png,sunda
CI2u76wa.png,pegon
ytCIwvqi.png,pegon
7YW6zFva.png,lampung
4OVljcTl.png,sunda
PoYVt1VI.png,jawa
WgIa0H1k.png,jawi
wl28H44h.png,jawi
Xin7c3R2.png,jawa
AeKggR1s.png,bali
EoOITFsC.png,jawi
up3YLKIQ.png,pegon
gwuy18Pg.png,jawa
djpS930J.png,jawi
tCjMmXVl.png,jawa
UxVjMobb.png,sunda
Pby4650V.png,jawa
SrKukQkj.png,lontara
zEH1uotX.png,bali
ZGGLGb1K.png,pegon
kL1yiCXg.png,pegon
sqrehIp7.png,lampung
mVMooAGj.png,jawa
UpYYiOZ6.png,sunda
Pz0sgpA4.png,lampung
0iU4d8ZG.png,lampung
BlcAafpz.png,sunda
x7v1hwXE.png,pegon
i5DPKVgT.png,pegon
w4ppIZx9.png,jawa
mcQMKYkK.png,sunda
GOFicFO7.png,jawi
xOeBlCjz.png,sunda
fkjCpYsq.png,sunda
jUXXw4cF.png,jawi
T2Au2QKx.png,pegon
JkTQ6yo8.png,jawa
AIIB30f5.png,jawi
1l0vFlxi.png,sunda
cM8RM42O.png,jawi
cmJVE9pE.png,lontara
kDh0nHKJ.png,jawi
XXqX4MmQ.png,lontara
7D3yq85B.png,pegon
k2LxbLcE.png,lampung
6Fw5IF86.png,pegon
1wsMssoL.png,lampung
f2GtJmBh.png,pegon
V1QUQxZC.png,pegon
ThtWadqM.png,lampung
sJp74Uxz.png,bali
DiSSswzG.png,lampung
95CbPmWy.png,jawi
4KF8gSAq.png,lampung
p2GA3b1V.png,lampung
W1qhORHJ.png,jawi
DvfbZVsk.png,lampung
aTnVeLZ8.png,lampung
oMDSNqTi.png,lampung
RTHXDAaP.png,pegon
Idz3ZeKB.png,lampung
nxAQ0sp5.png,jawi
qjyVNoGs.png,jawi
SZk1VbfX.png,sunda
mcpYuMQ6.png,pegon
AfVBrFuS.png,pegon
b0xtRwtB.png,jawi
uQmHilrQ.png,lampung
Rf5M7Flq.png,jawa
sylxCbu1.png,lampung
xfPQ71PS.png,pegon
njilWE8X.png,lontara
a9jsE8UY.png,pegon
xxw2buGs.png,jawi
SPTSdbY8.png,pegon
lolWrF2Q.png,jawa
sepgsbpK.png,lampung
4cClALn9.png,sunda
mf3yRVzV.png,pegon
NeawVRDP.png,bali
Sy67Q6MI.png,jawa
TQZN2SGL.png,lampung
g55Aoanh.png,lampung
tFuatttL.png,bali
EeINILuQ.png,pegon
sLrVByPi.png,jawa
6Cwi1KvE.png,lampung
FBy5Bp3Y.png,pegon
pOzsktN4.png,jawa
gVlgBbdG.png,jawi
sRAD4uU4.png,jawa
wasmBixT.png,sunda
oHlXEVPJ.png,sunda
RPInnf8h.png,jawi
4uAmoYZt.png,lampung
Pf3rUgkG.png,lampung
tYFVbvsX.png,sunda
pOJqBXvL.png,jawi
Qcv5zDV9.png,sunda
pFpEBZsx.png,bali
mbX4NWWu.png,jawi
DtpUPwCx.png,lontara
eDCZEZWN.png,sunda
oQwgrAal.png,bali
3yYtiRhH.png,pegon
27YE7m0I.png,sunda
GqJKkEKA.png,lontara
4sTL1ST4.png,jawi
lf6h4EEX.png,jawa
A4uF0kin.png,lampung
ONihNPni.png,lampung
6yfIVrwP.png,jawi
Aja7QzOB.png,jawa
18Tg7Uaz.png,pegon
OliUi0LA.png,lontara
A966j992.png,jawi
g0Ki3YeX.png,pegon
B82aWLEd.png,lampung
WLtVLNFr.png,pegon
tcL8ft2D.png,lontara
NHMd0aUu.png,sunda
DvEIJSbG.png,jawa
ebhZgz0E.png,lampung
bSpPzLTC.png,pegon
nlH7JszY.png,jawa
b4B7d5ll.png,jawi
6Vbiz5lo.png,lontara
QaoqPD7L.png,pegon
NfgTcEIU.png,lontara
lNSGDJUL.png,jawi
cUEn977l.png,pegon
Gzbi7yWR.png,jawi
M4oFIeIr.png,bali
7bWLENBL.png,lampung
5I9nCM7V.png,sunda
6uAymYJp.png,lampung
hvAk9QrW.png,pegon
oLfaGedt.png,lampung
zVkuWjr5.png,jawi
BDqWdmI5.png,jawi
knxZO4EW.png,lontara
xUkeAEQ7.png,sunda
uH4fcFXm.png,sunda
hCDC3NKM.png,lampung
rrJCzJsb.png,bali
yGy9kfku.png,bali
CTq6dg71.png,bali
Z03IVOtP.png,jawa
QSx9Tefb.png,sunda
XmdcwX8F.png,lampung
KxlNUzn7.png,jawa
lyfmp4Hk.png,lampung
hMYz8Lw0.png,jawi
0LR4IHQx.png,pegon
b0tgXg74.png,jawa
H0utL44l.png,lampung
ia03XLHA.png,pegon
Xj5Wpd93.png,pegon
EbbRaaI8.png,jawi
46RBQnXU.png,lampung
JD2j0DKR.png,jawa
ee9Ga7OU.png,jawa
LKpVG42X.png,pegon
ICJvaORz.png,jawi
c4qcuheH.png,lontara
V1mr1dfO.png,pegon
jYyIC9jU.png,jawa
uCZxKgj0.png,jawa
WpxZutfw.png,sunda
sxdH73iI.png,bali
TKGzL4tu.png,bali
cFWm7xvr.png,lontara
4vsRKfC5.png,jawi
Y8ItJZ86.png,lampung
ijXGPSJc.png,jawa
RAtABcAT.png,pegon
AWZyXL55.png,lampung
d81kXIKi.png,sunda
RqX64fxs.png,lontara
Px20xlVJ.png,jawi
cofw2LvW.png,jawi
BJbZlSiE.png,sunda
HnXxs0nj.png,pegon
hou8FR6i.png,lampung
GCPsfsSH.png,pegon
4MVp0Lac.png,pegon
tUInmlTG.png,jawi
kCichgDl.png,sunda
mAaV0vdU.png,bali
CJejAjkr.png,lampung
GKpgefAG.png,pegon
SGwL1g2b.png,pegon
hF0BPMOq.png,jawi
zoTh0Aqg.png,lampung
MrRRhwJU.png,sunda
NuDLC9af.png,pegon
IcAaqtw9.png,bali
bEz398vp.png,bali
vUv0Re0p.png,lontara
Hut8cofA.png,lampung
AShSRAWh.png,jawa
xJqB0dmD.png,jawi
5WQwwlMO.png,pegon
Ap8L0vKD.png,sunda
YecdarSS.png,jawa
bAIQViH0.png,jawa
3R4ECYiB.png,sunda
ThWApk3S.png,jawa
vIXUXQz3.png,lontara
1JIpMWlS.png,sunda
U9uvcDLV.png,lontara
YQnqk6jG.png,pegon
uUxDuYp9.png,jawi
SNprzXc1.png,sunda
Qu32owKr.png,jawa
YxnBbxqi.png,lontara
Axhqeagr.png,jawa
OuRa6UzF.png,pegon
5kdb9OoQ.png,pegon
pqnVdpac.png,lampung
c0HK8Elo.png,lontara
zJ0lXTOi.png,jawi
8yjpTIAh.png,sunda
OyHDygma.png,pegon
YK3Ub4KT.png,lampung
5ZD3KT3z.png,jawi
ZfFzg400.png,jawa
olLg1W4U.png,sunda
yCLeeeXi.png,lontara
LFeIfTGq.png,bali
1xeLgA9z.png,lontara
BvpiB4Dh.png,sunda
qwjDhKjI.png,sunda
9c5ageWO.png,lampung
FH99W4Xn.png,pegon
odD0O5D3.png,pegon
knE3wZNB.png,sunda
5kZL7ZOJ.png,jawi
t84PLUjt.png,lampung
aQrd59Lz.png,sunda
VUogjgnz.png,jawa
N2zFxSOi.png,jawa
0wdZAao3.png,jawa
FpsnbGHn.png,sunda
JkawcB87.png,lampung
6sNjP31G.png,pegon
q22a7lYd.png,jawi
pe92ak0e.png,pegon
rrJbsaXJ.png,sunda
p9vsuZZz.png,lontara
yqZlKvNz.png,sunda
uSS2Q77g.png,pegon
92dUXFMO.png,lampung
tritSZoH.png,bali
CwKjjnFs.png,pegon
tFmC4wAc.png,jawi
yy7n6dL9.png,pegon
LwHsMHtN.png,jawa
tyHU0ncn.png,pegon
ovMD4LsF.png,sunda
D1C9fENR.png,bali
AvlaBzV7.png,jawi
G6lLSn3C.png,lontara
vlrLS265.png,sunda
xZCmkiJU.png,sunda
9iUNEAlW.png,sunda
B0rhXx4e.png,jawi
DwJej7bu.png,pegon
rHNoxAtO.png,lampung
EkhCJ86Y.png,sunda
kIMUDa5Y.png,sunda
DKc9wqHs.png,lampung
5oiNQzmB.png,lontara
zoncUr23.png,bali
h3bNR2wl.png,sunda
zV5mfkHX.png,jawi
Hlt8sodC.png,lampung
IE61mkGW.png,sunda
x601jK7l.png,jawi
cpy0mqRH.png,jawa
P9kK0HwP.png,sunda
oL8vUxxA.png,lontara
DlIIISAR.png,jawi
6waskL3w.png,pegon
ZMhhhhsO.png,jawa
FtBk0vvy.png,lontara
cDTM5hqt.png,pegon
j8dx6Zln.png,pegon
7nLMmWWd.png,jawi
FaLd07gG.png,jawi
6T9fE2w5.png,jawi
pueHxAjt.png,sunda
PRB6Tmya.png,sunda
dfTVX6bO.png,lampung
OoAglC1q.png,pegon
SYVCdujU.png,sunda
AjUQb0b3.png,pegon
wekTNCpg.png,pegon
ezrWj5OQ.png,lampung
d7ZbaOFN.png,sunda
GWJE2q3K.png,jawi
Z97vvCdi.png,jawa
MjaVWZLF.png,pegon
L1tEO03V.png,pegon
9eeA0dMk.png,lampung
OGWZJ3Lo.png,bali
3rsKyJtH.png,lampung
uwwYJVVC.png,bali
ona7ImsG.png,lampung
7qQbho8k.png,bali
Og4KStQq.png,lampung
